STATE,STATENAME,ST_CASE,VEH_NO,VE_FORMS,MONTH,MONTHNAME,DAY,DAYNAME,HOUR,HOURNAME,MINUTE,MINUTENAME,HARM_EV,HARM_EVNAME,MAN_COLL,MAN_COLLNAME,NUMOCCS,NUMOCCSNAME,UNITTYPE,UNITTYPENAME,HIT_RUN,HIT_RUNNAME,REG_STAT,REG_STATNAME,OWNER,OWNERNAME,VIN,VINNAME,MOD_YEAR,MOD_YEARNAME,VPICMAKE,VPICMAKENAME,VPICMODEL,VPICMODELNAME,VPICBODYCLASS,VPICBODYCLASSNAME,MAKE,MAKENAME,MODEL,BODY_TYP,BODY_TYPNAME,ICFINALBODY,ICFINALBODYNAME,GVWR_FROM,GVWR_FROMNAME,GVWR_TO,GVWR_TONAME,TOW_VEH,TOW_VEHNAME,TRLR1VIN,TRLR1VINNAME,TRLR2VIN,TRLR2VINNAME,TRLR3VIN,TRLR3VINNAME,TRLR1GVWR,TRLR1GVWRNAME,TRLR2GVWR,TRLR2GVWRNAME,TRLR3GVWR,TRLR3GVWRNAME,J_KNIFE,J_KNIFENAME,MCARR_ID,MCARR_IDNAME,MCARR_I1,MCARR_I1NAME,MCARR_I2,MCARR_I2NAME,V_CONFIG,V_CONFIGNAME,CARGO_BT,CARGO_BTNAME,HAZ_INV,HAZ_INVNAME,HAZ_PLAC,HAZ_PLACNAME,HAZ_ID,HAZ_IDNAME,HAZ_CNO,HAZ_CNONAME,HAZ_REL,HAZ_RELNAME,BUS_USE,BUS_USENAME,SPEC_USE,SPEC_USENAME,EMER_USE,EMER_USENAME,TRAV_SP,TRAV_SPNAME,UNDEROVERRIDE,UNDEROVERRIDENAME,ROLLOVER,ROLLOVERNAME,ROLINLOC,ROLINLOCNAME,IMPACT1,IMPACT1NAME,DEFORMED,DEFORMEDNAME,TOWED,TOWEDNAME,M_HARM,M_HARMNAME,FIRE_EXP,FIRE_EXPNAME,MAK_MOD,MAK_MODNAME,VIN_1,VIN_2,VIN_3,VIN_4,VIN_5,VIN_6,VIN_7,VIN_8,VIN_9,VIN_10,VIN_11,VIN_12,DEATHS,DR_DRINK,DR_DRINKNAME,DR_PRES,DR_PRESNAME,L_STATE,L_STATENAME,DR_ZIP,DR_ZIPNAME,L_TYPE,L_TYPENAME,L_STATUS,L_STATUSNAME,CDL_STAT,CDL_STATNAME,L_ENDORS,L_ENDORSNAME,L_COMPL,L_COMPLNAME,L_RESTRI,L_RESTRINAME,DR_HGT,DR_HGTNAME,DR_WGT,DR_WGTNAME,PREV_ACC,PREV_ACCNAME,PREV_SUS1,PREV_SUS1NAME,PREV_SUS2,PREV_SUS2NAME,PREV_SUS3,PREV_SUS3NAME,PREV_DWI,PREV_DWINAME,PREV_SPD,PREV_SPDNAME,PREV_OTH,PREV_OTHNAME,FIRST_MO,FIRST_MONAME,FIRST_YR,FIRST_YRNAME,LAST_MO,LAST_MONAME,LAST_YR,LAST_YRNAME,SPEEDREL,SPEEDRELNAME,VTRAFWAY,VTRAFWAYNAME,VNUM_LAN,VNUM_LANNAME,VSPD_LIM,VSPD_LIMNAME,VALIGN,VALIGNNAME,VPROFILE,VPROFILENAME,VPAVETYP,VPAVETYPNAME,VSURCOND,VSURCONDNAME,VTRAFCON,VTRAFCONNAME,VTCONT_F,VTCONT_FNAME,P_CRASH1,P_CRASH1NAME,P_CRASH2,P_CRASH2NAME,P_CRASH3,P_CRASH3NAME,PCRASH4,PCRASH4NAME,PCRASH5,PCRASH5NAME,ACC_TYPE,ACC_TYPENAME
13,Georgia,130959,1,2,10,October,1,1,17,5:00pm-5:59pm,48,48,12,Motor Vehicle In-Transport,1,Front-to-Rear,1,1,1,Motor Vehicle In-Transport (Inside or Outside the Trafficway),0,No,45,South Carolina,2,Driver (in this crash) Not Registered Owner (Other Private Owner Listed),JS1GN7DA6621,JS1GN7DA6621,2006,2006,509,Suzuki,13162,GSX-R600,80,Motorcycle - Sport,53,Suzuki,705,80,Two Wheel Motorcycle (excluding motor scooters),0,Not Applicable,11,"Class 1: 6,000 lbs. or less (2,722 kg or less)",11,"Class 1: 6,000 lbs. or less (2,722 kg or less)",0,No Trailers,7.77778E+11,No Trailing Units,7.77778E+11,No Trailing Units,7.77778E+11,No Trailing Units,77,No Trailing Units,77,No Trailing Units,77,No Trailing Units,0,Not an Articulated Vehicle,0,Not Applicable,0,Not Applicable,0,Not Applicable,0,Not Applicable,0,Not Applicable (N/A),1,No,0,Not Applicable,0,Not Applicable,0,Not Applicable,0,Not Applicable,0,Not a Bus,0,No Special Use Noted,0,Not Applicable,998,Not Reported,7,Not Applicable,8,Not Applicable,8,Not Applicable,12,12 Clock Point,6,Disabling Damage,6,Towed,12,Motor Vehicle In-Transport,0,No or Not Reported,53705,Suzuki 450-749cc,J,S,1,G,N,7,D,A,6,6,2,1,1,0,No,1,Yes,13,Georgia,31909,31909,1,Full Driver License,1,Suspended,1,Suspended,0,No Endorsements required for this vehicle,2,No valid license for this class vehicle,0,No Restrictions or Not Applicable,999,Unknown,999,Unknown,0,,0,,0,,2,2,0,,2,2,3,3,10,October,2022,2022,10,October,2023,2023,5,"Yes, Specifics Unknown",3,"Two-Way,  Divided, Positive  Median Barrier",4,Four lanes,70,70 MPH,1,Straight,2,"Grade, Unknown Slope",1,Concrete,1,Dry,0,No Controls,0,No Controls,15,Changing Lanes,51,Traveling in same direction with lower steady speed,99,Unknown/Not Reported,1,Tracking,2,"Stayed on roadway, but left original travel lane",24,"D24-Same Trafficway, Same Direction-Rear End-Slower"
13,Georgia,130961,1,2,10,October,5,5,18,6:00pm-6:59pm,58,58,12,Motor Vehicle In-Transport,8,Sideswipe - Opposite Direction,1,1,1,Motor Vehicle In-Transport (Inside or Outside the Trafficway),0,No,13,Georgia,2,Driver (in this crash) Not Registered Owner (Other Private Owner Listed),JH2RC5373LK1,JH2RC5373LK1,2020,2020,474,Honda,12132,VT750 (Shadow Phantom),82,Motorcycle - Cruiser,37,Honda,705,80,Two Wheel Motorcycle (excluding motor scooters),0,Not Applicable,11,"Class 1: 6,000 lbs. or less (2,722 kg or less)",11,"Class 1: 6,000 lbs. or less (2,722 kg or less)",0,No Trailers,7.77778E+11,No Trailing Units,7.77778E+11,No Trailing Units,7.77778E+11,No Trailing Units,77,No Trailing Units,77,No Trailing Units,77,No Trailing Units,0,Not an Articulated Vehicle,0,Not Applicable,0,Not Applicable,0,Not Applicable,0,Not Applicable,0,Not Applicable (N/A),1,No,0,Not Applicable,0,Not Applicable,0,Not Applicable,0,Not Applicable,0,Not a Bus,0,No Special Use Noted,0,Not Applicable,998,Not Reported,7,Not Applicable,8,Not Applicable,8,Not Applicable,11,11 Clock Point,6,Disabling Damage,6,Towed,12,Motor Vehicle In-Transport,0,No or Not Reported,37705,Honda 450-749 cc,J,H,2,R,C,5,3,7,3,L,K,1,1,0,No,1,Yes,13,Georgia,30705,30705,1,Full Driver License,6,Valid,0,No (CDL),0,No Endorsements required for this vehicle,3,Valid license for this class vehicle,0,No Restrictions or Not Applicable,999,Unknown,999,Unknown,1,1,0,,0,,0,,0,,1,1,2,2,2,February,2021,2021,12,December,2023,2023,4,"Yes, Too Fast for Conditions",1,"Two-Way, Not Divided",2,Two lanes,35,35 MPH,2,Curve Right,2,"Grade, Unknown Slope",2,"Blacktop, Bituminous, or Asphalt",1,Dry,28,Other Regulatory Sign,3,Device Functioning Properly,14,Negotiating a Curve,6,Traveling Too Fast for Conditions or Road Configuration,99,Unknown/Not Reported,2,Skidding longitudinally  rotation less than 30 degrees,2,"Stayed on roadway, but left original travel lane",64,"I64-Same Trafficway, Opposite Direction-Angle, Sideswipe-Lateral Move (Left/Right)"
13,Georgia,130962,2,2,8,August,25,25,0,0:00am-0:59am,20,20,12,Motor Vehicle In-Transport,6,Angle,2,2,1,Motor Vehicle In-Transport (Inside or Outside the Trafficway),0,No,92,No Registration,0,"Not Applicable, Vehicle Not Registered",57XAARHB4P81,57XAARHB4P81,2023,2023,594,Slingshot,3524,Slingshot,103,Motorcycle - Unenclosed Three Wheeled or Open Autocycle [1 Rear Wheel],98,Other Make,706,85,Unenclosed Three Wheel Motorcycle / Unenclosed Autocycle (1 Rear Wheel),0,Not Applicable,11,"Class 1: 6,000 lbs. or less (2,722 kg or less)",11,"Class 1: 6,000 lbs. or less (2,722 kg or less)",0,No Trailers,7.77778E+11,No Trailing Units,7.77778E+11,No Trailing Units,7.77778E+11,No Trailing Units,77,No Trailing Units,77,No Trailing Units,77,No Trailing Units,0,Not an Articulated Vehicle,0,Not Applicable,0,Not Applicable,0,Not Applicable,0,Not Applicable,0,Not Applicable (N/A),1,No,0,Not Applicable,0,Not Applicable,0,Not Applicable,0,Not Applicable,0,Not a Bus,0,No Special Use Noted,0,Not Applicable,998,Not Reported,0,No Underride or Override,0,No Rollover,0,No Rollover,12,12 Clock Point,6,Disabling Damage,6,Towed,12,Motor Vehicle In-Transport,0,No or Not Reported,98706,Other Make 750cc or greater,5,7,X,A,A,R,H,B,4,P,8,1,1,0,No,1,Yes,13,Georgia,31210,31210,1,Full Driver License,6,Valid,5,Disqualified,0,No Endorsements required for this vehicle,3,Valid license for this class vehicle,3,"Restrictions, Compliance Unknown",999,Unknown,999,Unknown,0,,0,,0,,0,,0,,0,,0,,0,No Record,0,No Record,0,No Record,0,No Record,0,No,1,"Two-Way, Not Divided",2,Two lanes,35,35 MPH,1,Straight,1,Level,2,"Blacktop, Bituminous, or Asphalt",1,Dry,97,Not Reported,8,Not Reported,1,Going Straight,54,Traveling in opposite direction,99,Unknown/Not Reported,1,Tracking,1,Stayed in original travel lane,69,"J69-Changing Trafficway, Vehicle Turning-Turn Across Path-Initial Opposite Directions (Going Straight)"
13,Georgia,130968,1,2,9,September,28,28,14,2:00pm-2:59pm,0,0,12,Motor Vehicle In-Transport,6,Angle,1,1,1,Motor Vehicle In-Transport (Inside or Outside the Trafficway),0,No,13,Georgia,1,Driver (in this crash) was Registered Owner,JYARN13E54A0,JYARN13E54A0,2004,2004,564,Yamaha,3214,YZF-R1,80,Motorcycle - Sport,76,Yamaha,706,80,Two Wheel Motorcycle (excluding motor scooters),0,Not Applicable,11,"Class 1: 6,000 lbs. or less (2,722 kg or less)",11,"Class 1: 6,000 lbs. or less (2,722 kg or less)",0,No Trailers,7.77778E+11,No Trailing Units,7.77778E+11,No Trailing Units,7.77778E+11,No Trailing Units,77,No Trailing Units,77,No Trailing Units,77,No Trailing Units,0,Not an Articulated Vehicle,0,Not Applicable,0,Not Applicable,0,Not Applicable,0,Not Applicable,0,Not Applicable (N/A),1,No,0,Not Applicable,0,Not Applicable,0,Not Applicable,0,Not Applicable,0,Not a Bus,0,No Special Use Noted,0,Not Applicable,998,Not Reported,7,Not Applicable,8,Not Applicable,8,Not Applicable,12,12 Clock Point,6,Disabling Damage,6,Towed,12,Motor Vehicle In-Transport,0,No or Not Reported,76706,Yamaha 750cc or greater,J,Y,A,R,N,1,3,E,5,4,A,0,1,0,No,1,Yes,13,Georgia,31093,31093,1,Full Driver License,6,Valid,6,Valid,0,No Endorsements required for this vehicle,3,Valid license for this class vehicle,0,No Restrictions or Not Applicable,999,Unknown,999,Unknown,0,,0,,0,,1,1,0,,1,1,1,1,9,September,2020,2020,1,January,2021,2021,3,"Yes, Exceeded Speed Limit",5,"Two-Way, Not Divided With a Continuous Left-Turn Lane",5,Five lanes,40,40 MPH,1,Straight,1,Level,2,"Blacktop, Bituminous, or Asphalt",1,Dry,97,Not Reported,8,Not Reported,1,Going Straight,72,"From driveway, turning into opposite direction",99,Unknown/Not Reported,1,Tracking,1,Stayed in original travel lane,83,"K83-Changing Trafficway, Vehicle Turning-Turn Into Path-Turn Into Opposite Directions (Going Straight)"
13,Georgia,130969,1,2,10,October,2,2,8,8:00am-8:59am,16,16,12,Motor Vehicle In-Transport,1,Front-to-Rear,1,1,1,Motor Vehicle In-Transport (Inside or Outside the Trafficway),0,No,13,Georgia,2,Driver (in this crash) Not Registered Owner (Other Private Owner Listed),JYARJ16E7FA0,JYARJ16E7FA0,2015,2015,564,Yamaha,3211,YZF-R6,80,Motorcycle - Sport,76,Yamaha,705,80,Two Wheel Motorcycle (excluding motor scooters),0,Not Applicable,11,"Class 1: 6,000 lbs. or less (2,722 kg or less)",11,"Class 1: 6,000 lbs. or less (2,722 kg or less)",0,No Trailers,7.77778E+11,No Trailing Units,7.77778E+11,No Trailing Units,7.77778E+11,No Trailing Units,77,No Trailing Units,77,No Trailing Units,77,No Trailing Units,0,Not an Articulated Vehicle,0,Not Applicable,0,Not Applicable,0,Not Applicable,0,Not Applicable,0,Not Applicable (N/A),1,No,0,Not Applicable,0,Not Applicable,0,Not Applicable,0,Not Applicable,0,Not a Bus,0,No Special Use Noted,0,Not Applicable,998,Not Reported,7,Not Applicable,8,Not Applicable,8,Not Applicable,12,12 Clock Point,6,Disabling Damage,6,Towed,12,Motor Vehicle In-Transport,0,No or Not Reported,76705,Yamaha 450-749cc,J,Y,A,R,J,1,6,E,7,F,A,0,1,0,No,1,Yes,48,Texas,76549,76549,1,Full Driver License,6,Valid,0,No (CDL),0,No Endorsements required for this vehicle,3,Valid license for this class vehicle,0,No Restrictions or Not Applicable,999,Unknown,999,Unknown,0,,0,,0,,0,,0,,1,1,0,,6,June,2023,2023,6,June,2023,2023,0,No,2,"Two-Way, Divided, Unprotected Median",2,Two lanes,45,45 MPH,1,Straight,1,Level,2,"Blacktop, Bituminous, or Asphalt",1,Dry,8,Other Highway Traffic Signal,3,Device Functioning Properly,6,Passing or Overtaking Another Vehicle,50,Other vehicle stopped,99,Unknown/Not Reported,1,Tracking,1,Stayed in original travel lane,20,"D20-Same Trafficway, Same Direction-Rear End-Stopped"
13,Georgia,130974,1,1,10,October,3,3,21,9:00pm-9:59pm,0,0,33,Curb,0,The First Harmful Event was Not a Collision with a Motor Vehicle in Transport,1,1,1,Motor Vehicle In-Transport (Inside or Outside the Trafficway),0,No,13,Georgia,2,Driver (in this crash) Not Registered Owner (Other Private Owner Listed),JYARJ16Y2AA0,JYARJ16Y2AA0,2010,2010,564,Yamaha,3211,YZF-R6,80,Motorcycle - Sport,76,Yamaha,705,80,Two Wheel Motorcycle (excluding motor scooters),0,Not Applicable,11,"Class 1: 6,000 lbs. or less (2,722 kg or less)",11,"Class 1: 6,000 lbs. or less (2,722 kg or less)",0,No Trailers,7.77778E+11,No Trailing Units,7.77778E+11,No Trailing Units,7.77778E+11,No Trailing Units,77,No Trailing Units,77,No Trailing Units,77,No Trailing Units,0,Not an Articulated Vehicle,0,Not Applicable,0,Not Applicable,0,Not Applicable,0,Not Applicable,0,Not Applicable (N/A),1,No,0,Not Applicable,0,Not Applicable,0,Not Applicable,0,Not Applicable,0,Not a Bus,0,No Special Use Noted,0,Not Applicable,998,Not Reported,7,Not Applicable,8,Not Applicable,8,Not Applicable,12,12 Clock Point,6,Disabling Damage,6,Towed,42,Tree (Standing Only),0,No or Not Reported,76705,Yamaha 450-749cc,J,Y,A,R,J,1,6,Y,2,A,A,0,1,0,No,1,Yes,13,Georgia,30540,30540,1,Full Driver License,6,Valid,0,No (CDL),0,No Endorsements required for this vehicle,3,Valid license for this class vehicle,3,"Restrictions, Compliance Unknown",999,Unknown,999,Unknown,0,,0,,0,,0,,0,,0,,0,,0,No Record,0,No Record,0,No Record,0,No Record,3,"Yes, Exceeded Speed Limit",1,"Two-Way, Not Divided",2,Two lanes,40,40 MPH,1,Straight,2,"Grade, Unknown Slope",2,"Blacktop, Bituminous, or Asphalt",1,Dry,97,Not Reported,8,Not Reported,1,Going Straight,6,Traveling Too Fast for Conditions or Road Configuration,1,No Avoidance Maneuver,1,Tracking,4,Departed roadway,6,B6-Single Driver-Left Roadside Departure-Drive Off Road
13,Georgia,130979,1,1,10,October,2,2,18,6:00pm-6:59pm,55,55,58,Ground,0,The First Harmful Event was Not a Collision with a Motor Vehicle in Transport,2,2,1,Motor Vehicle In-Transport (Inside or Outside the Trafficway),0,No,34,New Jersey,1,Driver (in this crash) was Registered Owner,1HD1KEL1XEB6,1HD1KEL1XEB6,2014,2014,3888,Harley-Davidson,11121,Electra Glide Ultra Limited,81,Motorcycle - Touring / Sport Touring,72,Harley-Davidson,706,80,Two Wheel Motorcycle (excluding motor scooters),0,Not Applicable,11,"Class 1: 6,000 lbs. or less (2,722 kg or less)",11,"Class 1: 6,000 lbs. or less (2,722 kg or less)",0,No Trailers,7.77778E+11,No Trailing Units,7.77778E+11,No Trailing Units,7.77778E+11,No Trailing Units,77,No Trailing Units,77,No Trailing Units,77,No Trailing Units,0,Not an Articulated Vehicle,0,Not Applicable,0,Not Applicable,0,Not Applicable,0,Not Applicable,0,Not Applicable (N/A),1,No,0,Not Applicable,0,Not Applicable,0,Not Applicable,0,Not Applicable,0,Not a Bus,0,No Special Use Noted,0,Not Applicable,998,Not Reported,7,Not Applicable,8,Not Applicable,8,Not Applicable,12,12 Clock Point,6,Disabling Damage,6,Towed,58,Ground,0,No or Not Reported,72706,Harley-Davidson 750cc or greater,1,H,D,1,K,E,L,1,X,E,B,6,1,0,No,1,Yes,34,New Jersey,8609,8609,1,Full Driver License,6,Valid,0,No (CDL),0,No Endorsements required for this vehicle,3,Valid license for this class vehicle,0,No Restrictions or Not Applicable,69,69,999,Unknown,0,,0,,0,,0,,0,,0,,0,,0,No Record,0,No Record,0,No Record,0,No Record,0,No,3,"Two-Way,  Divided, Positive  Median Barrier",2,Two lanes,70,70 MPH,1,Straight,1,Level,2,"Blacktop, Bituminous, or Asphalt",1,Dry,0,No Controls,0,No Controls,1,Going Straight,1,Blow out/flat tire,1,No Avoidance Maneuver,1,Tracking,1,Stayed in original travel lane,98,M98-Other Crash Type
13,Georgia,130983,1,2,10,October,5,5,22,10:00pm-10:59pm,41,41,12,Motor Vehicle In-Transport,6,Angle,1,1,1,Motor Vehicle In-Transport (Inside or Outside the Trafficway),0,No,13,Georgia,1,Driver (in this crash) was Registered Owner,JKAEXEE12FDA,JKAEXEE12FDA,2015,2015,510,Kawasaki,3391,Ninja 650,80,Motorcycle - Sport,73,Kawasaki,705,80,Two Wheel Motorcycle (excluding motor scooters),0,Not Applicable,11,"Class 1: 6,000 lbs. or less (2,722 kg or less)",11,"Class 1: 6,000 lbs. or less (2,722 kg or less)",0,No Trailers,7.77778E+11,No Trailing Units,7.77778E+11,No Trailing Units,7.77778E+11,No Trailing Units,77,No Trailing Units,77,No Trailing Units,77,No Trailing Units,0,Not an Articulated Vehicle,0,Not Applicable,0,Not Applicable,0,Not Applicable,0,Not Applicable,0,Not Applicable (N/A),1,No,0,Not Applicable,0,Not Applicable,0,Not Applicable,0,Not Applicable,0,Not a Bus,0,No Special Use Noted,0,Not Applicable,998,Not Reported,7,Not Applicable,8,Not Applicable,8,Not Applicable,12,12 Clock Point,6,Disabling Damage,6,Towed,12,Motor Vehicle In-Transport,0,No or Not Reported,73705,Kawasaki 450-749cc,J,K,A,E,X,E,E,1,2,F,D,A,1,0,No,1,Yes,13,Georgia,30215,30215,1,Full Driver License,1,Suspended,1,Suspended,0,No Endorsements required for this vehicle,2,No valid license for this class vehicle,3,"Restrictions, Compliance Unknown",999,Unknown,999,Unknown,0,,0,,0,,1,1,0,,0,,1,1,3,March,2022,2022,8,August,2023,2023,3,"Yes, Exceeded Speed Limit",2,"Two-Way, Divided, Unprotected Median",3,Three lanes,55,55 MPH,1,Straight,2,"Grade, Unknown Slope",2,"Blacktop, Bituminous, or Asphalt",1,Dry,3,Traffic control signal(on colors) not known whether or not Pedestrian Signal,3,Device Functioning Properly,1,Going Straight,62,From opposite direction  over left lane line,99,Unknown/Not Reported,1,Tracking,1,Stayed in original travel lane,69,"J69-Changing Trafficway, Vehicle Turning-Turn Across Path-Initial Opposite Directions (Going Straight)"
13,Georgia,130988,2,2,10,October,8,8,20,8:00pm-8:59pm,27,27,1,Rollover/Overturn,0,The First Harmful Event was Not a Collision with a Motor Vehicle in Transport,1,1,1,Motor Vehicle In-Transport (Inside or Outside the Trafficway),0,No,13,Georgia,1,Driver (in this crash) was Registered Owner,L2BB5AAK1PB2,L2BB5AAK1PB2,2023,2023,3115,BAODIAO,15099,5 lines,125,Motorcycle - Unknown Body Class,98,Other Make,703,80,Two Wheel Motorcycle (excluding motor scooters),0,Not Applicable,11,"Class 1: 6,000 lbs. or less (2,722 kg or less)",11,"Class 1: 6,000 lbs. or less (2,722 kg or less)",0,No Trailers,7.77778E+11,No Trailing Units,7.77778E+11,No Trailing Units,7.77778E+11,No Trailing Units,77,No Trailing Units,77,No Trailing Units,77,No Trailing Units,0,Not an Articulated Vehicle,0,Not Applicable,0,Not Applicable,0,Not Applicable,0,Not Applicable,0,Not Applicable (N/A),1,No,0,Not Applicable,0,Not Applicable,0,Not Applicable,0,Not Applicable,0,Not a Bus,0,No Special Use Noted,0,Not Applicable,998,Not Reported,7,Not Applicable,8,Not Applicable,8,Not Applicable,0,Non-Collision,6,Disabling Damage,6,Towed,12,Motor Vehicle In-Transport,0,No or Not Reported,98703,Other Make 125-349cc,L,2,B,B,5,A,A,K,1,P,B,2,1,0,No,1,Yes,13,Georgia,30533,30533,1,Full Driver License,6,Valid,0,No (CDL),0,No Endorsements required for this vehicle,3,Valid license for this class vehicle,0,No Restrictions or Not Applicable,999,Unknown,999,Unknown,0,,0,,0,,0,,0,,1,1,0,,7,July,2020,2020,7,July,2020,2020,0,No,5,"Two-Way, Not Divided With a Continuous Left-Turn Lane",3,Three lanes,45,45 MPH,1,Straight,2,"Grade, Unknown Slope",2,"Blacktop, Bituminous, or Asphalt",1,Dry,3,Traffic control signal(on colors) not known whether or not Pedestrian Signal,3,Device Functioning Properly,1,Going Straight,62,From opposite direction  over left lane line,1,No Avoidance Maneuver,1,Tracking,1,Stayed in original travel lane,98,M98-Other Crash Type
13,Georgia,130994,1,1,9,September,29,29,21,9:00pm-9:59pm,22,22,59,Traffic Sign Support,0,The First Harmful Event was Not a Collision with a Motor Vehicle in Transport,1,1,1,Motor Vehicle In-Transport (Inside or Outside the Trafficway),0,No,13,Georgia,1,Driver (in this crash) was Registered Owner,JH2SC68N2GK2,JH2SC68N2GK2,2016,2016,474,Honda,25276,GL1800,81,Motorcycle - Touring / Sport Touring,37,Honda,706,80,Two Wheel Motorcycle (excluding motor scooters),0,Not Applicable,11,"Class 1: 6,000 lbs. or less (2,722 kg or less)",11,"Class 1: 6,000 lbs. or less (2,722 kg or less)",0,No Trailers,7.77778E+11,No Trailing Units,7.77778E+11,No Trailing Units,7.77778E+11,No Trailing Units,77,No Trailing Units,77,No Trailing Units,77,No Trailing Units,0,Not an Articulated Vehicle,0,Not Applicable,0,Not Applicable,0,Not Applicable,0,Not Applicable,0,Not Applicable (N/A),1,No,0,Not Applicable,0,Not Applicable,0,Not Applicable,0,Not Applicable,0,Not a Bus,0,No Special Use Noted,0,Not Applicable,998,Not Reported,7,Not Applicable,8,Not Applicable,8,Not Applicable,12,12 Clock Point,6,Disabling Damage,6,Towed,59,Traffic Sign Support,0,No or Not Reported,37706,Honda 750 cc or greater,J,H,2,S,C,6,8,N,2,G,K,2,1,1,Yes,1,Yes,13,Georgia,31312,31312,1,Full Driver License,6,Valid,0,No (CDL),0,No Endorsements required for this vehicle,3,Valid license for this class vehicle,3,"Restrictions, Compliance Unknown",999,Unknown,999,Unknown,0,,0,,0,,0,,0,,0,,0,,0,No Record,0,No Record,0,No Record,0,No Record,0,No,1,"Two-Way, Not Divided",2,Two lanes,55,55 MPH,3,Curve Left,1,Level,2,"Blacktop, Bituminous, or Asphalt",1,Dry,0,No Controls,0,No Controls,14,Negotiating a Curve,13,Off the edge of the road on the right side,99,Unknown/Not Reported,1,Tracking,4,Departed roadway,1,A1-Single Driver-Right Roadside Departure-Drive Off Road
13,Georgia,130998,1,2,10,October,14,14,12,12:00pm-12:59pm,40,40,1,Rollover/Overturn,0,The First Harmful Event was Not a Collision with a Motor Vehicle in Transport,1,1,1,Motor Vehicle In-Transport (Inside or Outside the Trafficway),0,No,13,Georgia,1,Driver (in this crash) was Registered Owner,JKAVN2D176A0,JKAVN2D176A0,2006,2006,510,Kawasaki,3202,Vulcan 900,82,Motorcycle - Cruiser,73,Kawasaki,706,80,Two Wheel Motorcycle (excluding motor scooters),0,Not Applicable,11,"Class 1: 6,000 lbs. or less (2,722 kg or less)",11,"Class 1: 6,000 lbs. or less (2,722 kg or less)",0,No Trailers,7.77778E+11,No Trailing Units,7.77778E+11,No Trailing Units,7.77778E+11,No Trailing Units,77,No Trailing Units,77,No Trailing Units,77,No Trailing Units,0,Not an Articulated Vehicle,0,Not Applicable,0,Not Applicable,0,Not Applicable,0,Not Applicable,0,Not Applicable (N/A),1,No,0,Not Applicable,0,Not Applicable,0,Not Applicable,0,Not Applicable,0,Not a Bus,0,No Special Use Noted,0,Not Applicable,998,Not Reported,7,Not Applicable,8,Not Applicable,8,Not Applicable,0,Non-Collision,6,Disabling Damage,6,Towed,1,Rollover/Overturn,0,No or Not Reported,73706,Kawasaki 750cc or greater,J,K,A,V,N,2,D,1,7,6,A,0,1,0,No,1,Yes,13,Georgia,30506,30506,1,Full Driver License,6,Valid,0,No (CDL),0,No Endorsements required for this vehicle,3,Valid license for this class vehicle,0,No Restrictions or Not Applicable,999,Unknown,999,Unknown,0,,0,,0,,0,,0,,1,1,0,,1,January,2024,2024,1,January,2024,2024,4,"Yes, Too Fast for Conditions",1,"Two-Way, Not Divided",3,Three lanes,45,45 MPH,3,Curve Left,2,"Grade, Unknown Slope",2,"Blacktop, Bituminous, or Asphalt",1,Dry,97,Not Reported,8,Not Reported,14,Negotiating a Curve,6,Traveling Too Fast for Conditions or Road Configuration,99,Unknown/Not Reported,1,Tracking,2,"Stayed on roadway, but left original travel lane",98,M98-Other Crash Type
13,Georgia,131026,1,2,10,October,18,18,12,12:00pm-12:59pm,55,55,12,Motor Vehicle In-Transport,6,Angle,1,1,1,Motor Vehicle In-Transport (Inside or Outside the Trafficway),0,No,13,Georgia,1,Driver (in this crash) was Registered Owner,JKAZX4E13SA0,JKAZX4E13SA0,1995,1995,510,Kawasaki,12989,ZX-6R,80,Motorcycle - Sport,73,Kawasaki,705,80,Two Wheel Motorcycle (excluding motor scooters),0,Not Applicable,11,"Class 1: 6,000 lbs. or less (2,722 kg or less)",11,"Class 1: 6,000 lbs. or less (2,722 kg or less)",0,No Trailers,7.77778E+11,No Trailing Units,7.77778E+11,No Trailing Units,7.77778E+11,No Trailing Units,77,No Trailing Units,77,No Trailing Units,77,No Trailing Units,0,Not an Articulated Vehicle,0,Not Applicable,0,Not Applicable,0,Not Applicable,0,Not Applicable,0,Not Applicable (N/A),1,No,0,Not Applicable,0,Not Applicable,0,Not Applicable,0,Not Applicable,0,Not a Bus,0,No Special Use Noted,0,Not Applicable,998,Not Reported,7,Not Applicable,8,Not Applicable,8,Not Applicable,12,12 Clock Point,6,Disabling Damage,6,Towed,12,Motor Vehicle In-Transport,0,No or Not Reported,73705,Kawasaki 450-749cc,J,K,A,Z,X,4,E,1,3,S,A,0,1,0,No,1,Yes,13,Georgia,31005,31005,1,Full Driver License,6,Valid,0,No (CDL),0,No Endorsements required for this vehicle,3,Valid license for this class vehicle,0,No Restrictions or Not Applicable,999,Unknown,999,Unknown,0,,0,,0,,0,,0,,2,2,1,1,4,April,2022,2022,5,May,2023,2023,3,"Yes, Exceeded Speed Limit",1,"Two-Way, Not Divided",2,Two lanes,35,35 MPH,2,Curve Right,2,"Grade, Unknown Slope",2,"Blacktop, Bituminous, or Asphalt",1,Dry,97,Not Reported,8,Not Reported,14,Negotiating a Curve,6,Traveling Too Fast for Conditions or Road Configuration,99,Unknown/Not Reported,1,Tracking,2,"Stayed on roadway, but left original travel lane",64,"I64-Same Trafficway, Opposite Direction-Angle, Sideswipe-Lateral Move (Left/Right)"