STATE,STATENAME,ST_CASE,VEH_NO,VE_FORMS,MONTH,MONTHNAME,DAY,DAYNAME,HOUR,HOURNAME,MINUTE,MINUTENAME,HARM_EV,HARM_EVNAME,MAN_COLL,MAN_COLLNAME,NUMOCCS,NUMOCCSNAME,UNITTYPE,UNITTYPENAME,HIT_RUN,HIT_RUNNAME,REG_STAT,REG_STATNAME,OWNER,OWNERNAME,VIN,VINNAME,MOD_YEAR,MOD_YEARNAME,VPICMAKE,VPICMAKENAME,VPICMODEL,VPICMODELNAME,VPICBODYCLASS,VPICBODYCLASSNAME,MAKE,MAKENAME,MODEL,BODY_TYP,BODY_TYPNAME,ICFINALBODY,ICFINALBODYNAME,GVWR_FROM,GVWR_FROMNAME,GVWR_TO,GVWR_TONAME,TOW_VEH,TOW_VEHNAME,TRLR1VIN,TRLR1VINNAME,TRLR2VIN,TRLR2VINNAME,TRLR3VIN,TRLR3VINNAME,TRLR1GVWR,TRLR1GVWRNAME,TRLR2GVWR,TRLR2GVWRNAME,TRLR3GVWR,TRLR3GVWRNAME,J_KNIFE,J_KNIFENAME,MCARR_ID,MCARR_IDNAME,MCARR_I1,MCARR_I1NAME,MCARR_I2,MCARR_I2NAME,V_CONFIG,V_CONFIGNAME,CARGO_BT,CARGO_BTNAME,HAZ_INV,HAZ_INVNAME,HAZ_PLAC,HAZ_PLACNAME,HAZ_ID,HAZ_IDNAME,HAZ_CNO,HAZ_CNONAME,HAZ_REL,HAZ_RELNAME,BUS_USE,BUS_USENAME,SPEC_USE,SPEC_USENAME,EMER_USE,EMER_USENAME,TRAV_SP,TRAV_SPNAME,UNDEROVERRIDE,UNDEROVERRIDENAME,ROLLOVER,ROLLOVERNAME,ROLINLOC,ROLINLOCNAME,IMPACT1,IMPACT1NAME,DEFORMED,DEFORMEDNAME,TOWED,TOWEDNAME,M_HARM,M_HARMNAME,FIRE_EXP,FIRE_EXPNAME,MAK_MOD,MAK_MODNAME,VIN_1,VIN_2,VIN_3,VIN_4,VIN_5,VIN_6,VIN_7,VIN_8,VIN_9,VIN_10,VIN_11,VIN_12,DEATHS,DR_DRINK,DR_DRINKNAME,DR_PRES,DR_PRESNAME,L_STATE,L_STATENAME,DR_ZIP,DR_ZIPNAME,L_TYPE,L_TYPENAME,L_STATUS,L_STATUSNAME,CDL_STAT,CDL_STATNAME,L_ENDORS,L_ENDORSNAME,L_COMPL,L_COMPLNAME,L_RESTRI,L_RESTRINAME,DR_HGT,DR_HGTNAME,DR_WGT,DR_WGTNAME,PREV_ACC,PREV_ACCNAME,PREV_SUS1,PREV_SUS1NAME,PREV_SUS2,PREV_SUS2NAME,PREV_SUS3,PREV_SUS3NAME,PREV_DWI,PREV_DWINAME,PREV_SPD,PREV_SPDNAME,PREV_OTH,PREV_OTHNAME,FIRST_MO,FIRST_MONAME,FIRST_YR,FIRST_YRNAME,LAST_MO,LAST_MONAME,LAST_YR,LAST_YRNAME,SPEEDREL,SPEEDRELNAME,VTRAFWAY,VTRAFWAYNAME,VNUM_LAN,VNUM_LANNAME,VSPD_LIM,VSPD_LIMNAME,VALIGN,VALIGNNAME,VPROFILE,VPROFILENAME,VPAVETYP,VPAVETYPNAME,VSURCOND,VSURCONDNAME,VTRAFCON,VTRAFCONNAME,VTCONT_F,VTCONT_FNAME,P_CRASH1,P_CRASH1NAME,P_CRASH2,P_CRASH2NAME,P_CRASH3,P_CRASH3NAME,PCRASH4,PCRASH4NAME,PCRASH5,PCRASH5NAME,ACC_TYPE,ACC_TYPENAME
17,Illinois,170730,2,2,9,September,14,14,15,3:00pm-3:59pm,46,46,12,Motor Vehicle In-Transport,7,Sideswipe - Same Direction,1,1,1,Motor Vehicle In-Transport (Inside or Outside the Trafficway),0,No,0,Not Applicable,0,"Not Applicable, Vehicle Not Registered",1E+12,Reported as Unknown,9999,Unknown,99999,Unknown,99999,Unknown,104,Motorcycle - Moped,99,Unknown Make,709,81,Moped,0,Not Applicable,11,"Class 1: 6,000 lbs. or less (2,722 kg or less)",11,"Class 1: 6,000 lbs. or less (2,722 kg or less)",0,No Trailers,7.77778E+11,No Trailing Units,7.77778E+11,No Trailing Units,7.77778E+11,No Trailing Units,77,No Trailing Units,77,No Trailing Units,77,No Trailing Units,0,Not an Articulated Vehicle,0,Not Applicable,0,Not Applicable,0,Not Applicable,0,Not Applicable,0,Not Applicable (N/A),1,No,0,Not Applicable,0,Not Applicable,0,Not Applicable,0,Not Applicable,0,Not a Bus,0,No Special Use Noted,0,Not Applicable,998,Not Reported,7,Not Applicable,8,Not Applicable,8,Not Applicable,99,Reported as Unknown,8,Not Reported,5,Not Towed,12,Motor Vehicle In-Transport,0,No or Not Reported,99709,Unknown Make Unknown cc,9,9,9,9,9,9,9,9,9,9,9,9,1,0,No,1,Yes,17,Illinois,60634,60634,0,Not Licensed,0,Not licensed,0,No (CDL),0,No Endorsements required for this vehicle,0,Not licensed,0,No Restrictions or Not Applicable,999,Unknown,999,Unknown,0,,0,,0,,0,,0,,0,,0,,0,No Record,0,No Record,0,No Record,0,No Record,9,Reported as Unknown,7,"Two-Way Divided, Unknown if Unprotected Median or Positive Median Barrier",4,Four lanes,98,Not Reported,1,Straight,1,Level,8,Not Reported,1,Dry,0,No Controls,0,No Controls,1,Going Straight,61,From adjacent lane (same direction) over right lane line,99,Unknown/Not Reported,1,Tracking,1,Stayed in original travel lane,98,M98-Other Crash Type
17,Illinois,170734,1,2,9,September,19,19,5,5:00am-5:59am,30,30,12,Motor Vehicle In-Transport,6,Angle,1,1,1,Motor Vehicle In-Transport (Inside or Outside the Trafficway),0,No,17,Illinois,1,Driver (in this crash) was Registered Owner,1HD1FF414AB6,1HD1FF414AB6,2010,2010,3888,Harley-Davidson,11137,Electra Glide Classic,81,Motorcycle - Touring / Sport Touring,72,Harley-Davidson,706,80,Two Wheel Motorcycle (excluding motor scooters),0,Not Applicable,11,"Class 1: 6,000 lbs. or less (2,722 kg or less)",11,"Class 1: 6,000 lbs. or less (2,722 kg or less)",0,No Trailers,7.77778E+11,No Trailing Units,7.77778E+11,No Trailing Units,7.77778E+11,No Trailing Units,77,No Trailing Units,77,No Trailing Units,77,No Trailing Units,0,Not an Articulated Vehicle,0,Not Applicable,0,Not Applicable,0,Not Applicable,0,Not Applicable,0,Not Applicable (N/A),1,No,0,Not Applicable,0,Not Applicable,0,Not Applicable,0,Not Applicable,0,Not a Bus,0,No Special Use Noted,0,Not Applicable,998,Not Reported,7,Not Applicable,8,Not Applicable,8,Not Applicable,12,12 Clock Point,6,Disabling Damage,6,Towed,2,Fire/Explosion,1,Yes,72706,Harley-Davidson 750cc or greater,1,H,D,1,F,F,4,1,4,A,B,6,1,0,No,1,Yes,17,Illinois,60453,60453,1,Full Driver License,6,Valid,0,No (CDL),0,No Endorsements required for this vehicle,3,Valid license for this class vehicle,3,"Restrictions, Compliance Unknown",75,75,225,225 lbs.,0,,0,,0,,0,,0,,0,,0,,0,No Record,0,No Record,0,No Record,0,No Record,3,"Yes, Exceeded Speed Limit",7,"Two-Way Divided, Unknown if Unprotected Median or Positive Median Barrier",5,Five lanes,35,35 MPH,1,Straight,1,Level,8,Not Reported,1,Dry,0,No Controls,0,No Controls,2,Decelerating in Road,62,From opposite direction  over left lane line,99,Unknown/Not Reported,9,Precrash stability unknown,9,Unknown,69,"J69-Changing Trafficway, Vehicle Turning-Turn Across Path-Initial Opposite Directions (Going Straight)"
17,Illinois,170747,1,1,9,September,15,15,0,0:00am-0:59am,29,29,1,Rollover/Overturn,0,The First Harmful Event was Not a Collision with a Motor Vehicle in Transport,1,1,1,Motor Vehicle In-Transport (Inside or Outside the Trafficway),0,No,17,Illinois,1,Driver (in this crash) was Registered Owner,1HD1BML15PY0,1HD1BML15PY0,1993,1993,3888,Harley-Davidson,11543,FLSTF / Fat Boy,82,Motorcycle - Cruiser,72,Harley-Davidson,706,80,Two Wheel Motorcycle (excluding motor scooters),0,Not Applicable,11,"Class 1: 6,000 lbs. or less (2,722 kg or less)",11,"Class 1: 6,000 lbs. or less (2,722 kg or less)",0,No Trailers,7.77778E+11,No Trailing Units,7.77778E+11,No Trailing Units,7.77778E+11,No Trailing Units,77,No Trailing Units,77,No Trailing Units,77,No Trailing Units,0,Not an Articulated Vehicle,0,Not Applicable,0,Not Applicable,0,Not Applicable,0,Not Applicable,0,Not Applicable (N/A),1,No,0,Not Applicable,0,Not Applicable,0,Not Applicable,0,Not Applicable,0,Not a Bus,0,No Special Use Noted,0,Not Applicable,998,Not Reported,7,Not Applicable,8,Not Applicable,8,Not Applicable,0,Non-Collision,6,Disabling Damage,6,Towed,1,Rollover/Overturn,0,No or Not Reported,72706,Harley-Davidson 750cc or greater,1,H,D,1,B,M,L,1,5,P,Y,0,1,1,Yes,1,Yes,17,Illinois,60152,60152,1,Full Driver License,6,Valid,0,No (CDL),0,No Endorsements required for this vehicle,3,Valid license for this class vehicle,0,No Restrictions or Not Applicable,73,73,200,200 lbs.,0,,0,,0,,0,,0,,0,,0,,0,No Record,0,No Record,0,No Record,0,No Record,9,Reported as Unknown,1,"Two-Way, Not Divided",2,Two lanes,55,55 MPH,1,Straight,1,Level,8,Not Reported,1,Dry,98,Other,3,Device Functioning Properly,1,Going Straight,12,Off the edge of the road on the left side,99,Unknown/Not Reported,9,Precrash stability unknown,4,Departed roadway,6,B6-Single Driver-Left Roadside Departure-Drive Off Road
17,Illinois,170749,2,2,9,September,20,20,16,4:00pm-4:59pm,58,58,12,Motor Vehicle In-Transport,6,Angle,1,1,1,Motor Vehicle In-Transport (Inside or Outside the Trafficway),0,No,17,Illinois,1,Driver (in this crash) was Registered Owner,JS1SP46A1T21,JS1SP46A1T21,1996,1996,509,Suzuki,13158,DR650SE,85,Motorcycle - Dual Sport / Adventure / Supermoto / On/Off-road,53,Suzuki,705,80,Two Wheel Motorcycle (excluding motor scooters),0,Not Applicable,11,"Class 1: 6,000 lbs. or less (2,722 kg or less)",11,"Class 1: 6,000 lbs. or less (2,722 kg or less)",0,No Trailers,7.77778E+11,No Trailing Units,7.77778E+11,No Trailing Units,7.77778E+11,No Trailing Units,77,No Trailing Units,77,No Trailing Units,77,No Trailing Units,0,Not an Articulated Vehicle,0,Not Applicable,0,Not Applicable,0,Not Applicable,0,Not Applicable,0,Not Applicable (N/A),1,No,0,Not Applicable,0,Not Applicable,0,Not Applicable,0,Not Applicable,0,Not a Bus,0,No Special Use Noted,0,Not Applicable,998,Not Reported,7,Not Applicable,8,Not Applicable,8,Not Applicable,12,12 Clock Point,4,Functional Damage,6,Towed,12,Motor Vehicle In-Transport,0,No or Not Reported,53705,Suzuki 450-749cc,J,S,1,S,P,4,6,A,1,T,2,1,1,0,No,1,Yes,17,Illinois,60304,60304,1,Full Driver License,6,Valid,0,No (CDL),0,No Endorsements required for this vehicle,3,Valid license for this class vehicle,3,"Restrictions, Compliance Unknown",75,75,155,155 lbs.,0,,0,,0,,0,,0,,0,,0,,0,No Record,0,No Record,0,No Record,0,No Record,0,No,7,"Two-Way Divided, Unknown if Unprotected Median or Positive Median Barrier",5,Five lanes,30,30 MPH,1,Straight,1,Level,8,Not Reported,1,Dry,3,Traffic control signal(on colors) not known whether or not Pedestrian Signal,3,Device Functioning Properly,1,Going Straight,62,From opposite direction  over left lane line,99,Unknown/Not Reported,1,Tracking,1,Stayed in original travel lane,69,"J69-Changing Trafficway, Vehicle Turning-Turn Across Path-Initial Opposite Directions (Going Straight)"
17,Illinois,170760,2,2,8,August,23,23,7,7:00am-7:59am,57,57,12,Motor Vehicle In-Transport,6,Angle,1,1,1,Motor Vehicle In-Transport (Inside or Outside the Trafficway),0,No,17,Illinois,1,Driver (in this crash) was Registered Owner,1HD1KTM16GB6,1HD1KTM16GB6,2016,2016,3888,Harley-Davidson,12631,FLTRXS / Road Glide Special,81,Motorcycle - Touring / Sport Touring,72,Harley-Davidson,706,80,Two Wheel Motorcycle (excluding motor scooters),0,Not Applicable,11,"Class 1: 6,000 lbs. or less (2,722 kg or less)",11,"Class 1: 6,000 lbs. or less (2,722 kg or less)",0,No Trailers,7.77778E+11,No Trailing Units,7.77778E+11,No Trailing Units,7.77778E+11,No Trailing Units,77,No Trailing Units,77,No Trailing Units,77,No Trailing Units,0,Not an Articulated Vehicle,0,Not Applicable,0,Not Applicable,0,Not Applicable,0,Not Applicable,0,Not Applicable (N/A),1,No,0,Not Applicable,0,Not Applicable,0,Not Applicable,0,Not Applicable,0,Not a Bus,0,No Special Use Noted,0,Not Applicable,998,Not Reported,7,Not Applicable,8,Not Applicable,8,Not Applicable,12,12 Clock Point,8,Not Reported,5,Not Towed,12,Motor Vehicle In-Transport,0,No or Not Reported,72706,Harley-Davidson 750cc or greater,1,H,D,1,K,T,M,1,6,G,B,6,1,0,No,1,Yes,17,Illinois,60543,60543,1,Full Driver License,6,Valid,0,No (CDL),0,No Endorsements required for this vehicle,3,Valid license for this class vehicle,3,"Restrictions, Compliance Unknown",75,75,300,300 lbs.,0,,0,,0,,0,,0,,1,1,0,,8,August,2021,2021,8,August,2021,2021,9,Reported as Unknown,7,"Two-Way Divided, Unknown if Unprotected Median or Positive Median Barrier",5,Five lanes,35,35 MPH,1,Straight,1,Level,8,Not Reported,1,Dry,0,No Controls,0,No Controls,1,Going Straight,61,From adjacent lane (same direction) over right lane line,99,Unknown/Not Reported,9,Precrash stability unknown,1,Stayed in original travel lane,45,"F45-Same Trafficway, Same Direction-Angle, Sideswipe-Straight Ahead on Left/Right"
17,Illinois,170766,1,2,8,August,31,31,20,8:00pm-8:59pm,30,30,12,Motor Vehicle In-Transport,8,Sideswipe - Opposite Direction,2,2,1,Motor Vehicle In-Transport (Inside or Outside the Trafficway),0,No,17,Illinois,1,Driver (in this crash) was Registered Owner,1HD1FCR13WY6,1HD1FCR13WY6,1998,1998,3888,Harley-Davidson,11568,FLHTCUI / FLHTCUI Anniversary,81,Motorcycle - Touring / Sport Touring,72,Harley-Davidson,706,80,Two Wheel Motorcycle (excluding motor scooters),0,Not Applicable,11,"Class 1: 6,000 lbs. or less (2,722 kg or less)",11,"Class 1: 6,000 lbs. or less (2,722 kg or less)",0,No Trailers,7.77778E+11,No Trailing Units,7.77778E+11,No Trailing Units,7.77778E+11,No Trailing Units,77,No Trailing Units,77,No Trailing Units,77,No Trailing Units,0,Not an Articulated Vehicle,0,Not Applicable,0,Not Applicable,0,Not Applicable,0,Not Applicable,0,Not Applicable (N/A),1,No,0,Not Applicable,0,Not Applicable,0,Not Applicable,0,Not Applicable,0,Not a Bus,0,No Special Use Noted,0,Not Applicable,998,Not Reported,7,Not Applicable,8,Not Applicable,8,Not Applicable,11,11 Clock Point,6,Disabling Damage,6,Towed,1,Rollover/Overturn,0,No or Not Reported,72706,Harley-Davidson 750cc or greater,1,H,D,1,F,C,R,1,3,W,Y,6,1,1,Yes,1,Yes,17,Illinois,60046,60046,1,Full Driver License,6,Valid,0,No (CDL),0,No Endorsements required for this vehicle,3,Valid license for this class vehicle,0,No Restrictions or Not Applicable,73,73,200,200 lbs.,0,,0,,0,,0,,0,,0,,0,,0,No Record,0,No Record,0,No Record,0,No Record,0,No,1,"Two-Way, Not Divided",2,Two lanes,45,45 MPH,1,Straight,1,Level,8,Not Reported,1,Dry,0,No Controls,0,No Controls,1,Going Straight,10,Over the lane line on left side of travel lane,7,Steering right,9,Precrash stability unknown,2,"Stayed on roadway, but left original travel lane",64,"I64-Same Trafficway, Opposite Direction-Angle, Sideswipe-Lateral Move (Left/Right)"
17,Illinois,170767,1,1,8,August,4,4,0,0:00am-0:59am,20,20,7,Other Non-Collision,0,The First Harmful Event was Not a Collision with a Motor Vehicle in Transport,1,1,1,Motor Vehicle In-Transport (Inside or Outside the Trafficway),0,No,17,Illinois,1,Driver (in this crash) was Registered Owner,1HD1KBM17FB6,1HD1KBM17FB6,2015,2015,3888,Harley-Davidson,8515,Street Glide,81,Motorcycle - Touring / Sport Touring,72,Harley-Davidson,706,80,Two Wheel Motorcycle (excluding motor scooters),0,Not Applicable,11,"Class 1: 6,000 lbs. or less (2,722 kg or less)",11,"Class 1: 6,000 lbs. or less (2,722 kg or less)",0,No Trailers,7.77778E+11,No Trailing Units,7.77778E+11,No Trailing Units,7.77778E+11,No Trailing Units,77,No Trailing Units,77,No Trailing Units,77,No Trailing Units,0,Not an Articulated Vehicle,0,Not Applicable,0,Not Applicable,0,Not Applicable,0,Not Applicable,0,Not Applicable (N/A),1,No,0,Not Applicable,0,Not Applicable,0,Not Applicable,0,Not Applicable,0,Not a Bus,0,No Special Use Noted,0,Not Applicable,998,Not Reported,7,Not Applicable,8,Not Applicable,8,Not Applicable,0,Non-Collision,6,Disabling Damage,6,Towed,7,Other Non-Collision,0,No or Not Reported,72706,Harley-Davidson 750cc or greater,1,H,D,1,K,B,M,1,7,F,B,6,1,0,No,1,Yes,17,Illinois,62298,62298,1,Full Driver License,6,Valid,0,No (CDL),0,No Endorsements required for this vehicle,3,Valid license for this class vehicle,0,No Restrictions or Not Applicable,69,69,160,160 lbs.,0,,0,,0,,0,,0,,0,,0,,0,No Record,0,No Record,0,No Record,0,No Record,0,No,1,"Two-Way, Not Divided",2,Two lanes,55,55 MPH,4,Curve - Unknown Direction,1,Level,8,Not Reported,1,Dry,0,No Controls,0,No Controls,14,Negotiating a Curve,13,Off the edge of the road on the right side,99,Unknown/Not Reported,9,Precrash stability unknown,4,Departed roadway,0,M0-No Impact
17,Illinois,170776,2,2,9,September,30,30,12,12:00pm-12:59pm,23,23,12,Motor Vehicle In-Transport,6,Angle,1,1,1,Motor Vehicle In-Transport (Inside or Outside the Trafficway),0,No,17,Illinois,2,Driver (in this crash) Not Registered Owner (Other Private Owner Listed),JKAVN2D189A0,JKAVN2D189A0,2009,2009,510,Kawasaki,3202,Vulcan 900,82,Motorcycle - Cruiser,73,Kawasaki,706,80,Two Wheel Motorcycle (excluding motor scooters),0,Not Applicable,11,"Class 1: 6,000 lbs. or less (2,722 kg or less)",11,"Class 1: 6,000 lbs. or less (2,722 kg or less)",0,No Trailers,7.77778E+11,No Trailing Units,7.77778E+11,No Trailing Units,7.77778E+11,No Trailing Units,77,No Trailing Units,77,No Trailing Units,77,No Trailing Units,0,Not an Articulated Vehicle,0,Not Applicable,0,Not Applicable,0,Not Applicable,0,Not Applicable,0,Not Applicable (N/A),1,No,0,Not Applicable,0,Not Applicable,0,Not Applicable,0,Not Applicable,0,Not a Bus,0,No Special Use Noted,0,Not Applicable,998,Not Reported,7,Not Applicable,8,Not Applicable,8,Not Applicable,12,12 Clock Point,6,Disabling Damage,6,Towed,12,Motor Vehicle In-Transport,0,No or Not Reported,73706,Kawasaki 750cc or greater,J,K,A,V,N,2,D,1,8,9,A,0,1,0,No,1,Yes,17,Illinois,62467,62467,1,Full Driver License,1,Suspended,0,No (CDL),0,No Endorsements required for this vehicle,2,No valid license for this class vehicle,0,No Restrictions or Not Applicable,72,72,175,175 lbs.,0,,0,,0,,1,1,0,,0,,1,1,3,March,2024,2024,9,September,2024,2024,0,No,5,"Two-Way, Not Divided With a Continuous Left-Turn Lane",5,Five lanes,40,40 MPH,1,Straight,1,Level,8,Not Reported,1,Dry,0,No Controls,0,No Controls,1,Going Straight,67,"From crossing street, turning into opposite direction",99,Unknown/Not Reported,1,Tracking,1,Stayed in original travel lane,83,"K83-Changing Trafficway, Vehicle Turning-Turn Into Path-Turn Into Opposite Directions (Going Straight)"
17,Illinois,170779,2,2,9,September,19,19,15,3:00pm-3:59pm,3,3,12,Motor Vehicle In-Transport,6,Angle,1,1,1,Motor Vehicle In-Transport (Inside or Outside the Trafficway),0,No,17,Illinois,1,Driver (in this crash) was Registered Owner,1HFSC52676A3,1HFSC52676A3,2006,2006,474,Honda,3478,VTX1300R,82,Motorcycle - Cruiser,37,Honda,706,80,Two Wheel Motorcycle (excluding motor scooters),0,Not Applicable,11,"Class 1: 6,000 lbs. or less (2,722 kg or less)",11,"Class 1: 6,000 lbs. or less (2,722 kg or less)",0,No Trailers,7.77778E+11,No Trailing Units,7.77778E+11,No Trailing Units,7.77778E+11,No Trailing Units,77,No Trailing Units,77,No Trailing Units,77,No Trailing Units,0,Not an Articulated Vehicle,0,Not Applicable,0,Not Applicable,0,Not Applicable,0,Not Applicable,0,Not Applicable (N/A),1,No,0,Not Applicable,0,Not Applicable,0,Not Applicable,0,Not Applicable,0,Not a Bus,0,No Special Use Noted,0,Not Applicable,998,Not Reported,7,Not Applicable,8,Not Applicable,8,Not Applicable,12,12 Clock Point,6,Disabling Damage,6,Towed,12,Motor Vehicle In-Transport,0,No or Not Reported,37706,Honda 750 cc or greater,1,H,F,S,C,5,2,6,7,6,A,3,1,0,No,1,Yes,17,Illinois,62521,62521,1,Full Driver License,6,Valid,0,No (CDL),0,No Endorsements required for this vehicle,2,No valid license for this class vehicle,0,No Restrictions or Not Applicable,69,69,300,300 lbs.,0,,0,,0,,0,,0,,0,,0,,0,No Record,0,No Record,0,No Record,0,No Record,0,No,5,"Two-Way, Not Divided With a Continuous Left-Turn Lane",5,Five lanes,35,35 MPH,1,Straight,1,Level,8,Not Reported,1,Dry,0,No Controls,0,No Controls,1,Going Straight,67,"From crossing street, turning into opposite direction",99,Unknown/Not Reported,1,Tracking,1,Stayed in original travel lane,83,"K83-Changing Trafficway, Vehicle Turning-Turn Into Path-Turn Into Opposite Directions (Going Straight)"
17,Illinois,170781,1,3,9,September,20,20,1,1:00am-1:59am,39,39,33,Curb,0,The First Harmful Event was Not a Collision with a Motor Vehicle in Transport,1,1,1,Motor Vehicle In-Transport (Inside or Outside the Trafficway),0,No,17,Illinois,1,Driver (in this crash) was Registered Owner,JH2PC370X5M2,JH2PC370X5M2,2005,2005,474,Honda,14060,CBR600,80,Motorcycle - Sport,37,Honda,705,80,Two Wheel Motorcycle (excluding motor scooters),0,Not Applicable,11,"Class 1: 6,000 lbs. or less (2,722 kg or less)",11,"Class 1: 6,000 lbs. or less (2,722 kg or less)",0,No Trailers,7.77778E+11,No Trailing Units,7.77778E+11,No Trailing Units,7.77778E+11,No Trailing Units,77,No Trailing Units,77,No Trailing Units,77,No Trailing Units,0,Not an Articulated Vehicle,0,Not Applicable,0,Not Applicable,0,Not Applicable,0,Not Applicable,0,Not Applicable (N/A),1,No,0,Not Applicable,0,Not Applicable,0,Not Applicable,0,Not Applicable,0,Not a Bus,0,No Special Use Noted,0,Not Applicable,998,Not Reported,7,Not Applicable,8,Not Applicable,8,Not Applicable,12,12 Clock Point,6,Disabling Damage,6,Towed,33,Curb,0,No or Not Reported,37705,Honda 450-749 cc,J,H,2,P,C,3,7,0,X,5,M,2,1,1,Yes,1,Yes,17,Illinois,60018,60018,1,Full Driver License,6,Valid,0,No (CDL),0,No Endorsements required for this vehicle,3,Valid license for this class vehicle,0,No Restrictions or Not Applicable,67,67,120,120 lbs.,0,,0,,0,,0,,0,,0,,0,,0,No Record,0,No Record,0,No Record,0,No Record,3,"Yes, Exceeded Speed Limit",1,"Two-Way, Not Divided",4,Four lanes,45,45 MPH,1,Straight,1,Level,8,Not Reported,1,Dry,2,Traffic control signal (on colors) with Pedestrian Signal,3,Device Functioning Properly,1,Going Straight,6,Traveling Too Fast for Conditions or Road Configuration,99,Unknown/Not Reported,2,Skidding longitudinally  rotation less than 30 degrees,4,Departed roadway,98,M98-Other Crash Type
17,Illinois,170781,2,3,9,September,20,20,1,1:00am-1:59am,39,39,33,Curb,0,The First Harmful Event was Not a Collision with a Motor Vehicle in Transport,1,1,1,Motor Vehicle In-Transport (Inside or Outside the Trafficway),0,No,17,Illinois,1,Driver (in this crash) was Registered Owner,JKAZX4R14BA0,JKAZX4R14BA0,2011,2011,510,Kawasaki,3173,Ninja ZX-6R,80,Motorcycle - Sport,73,Kawasaki,705,80,Two Wheel Motorcycle (excluding motor scooters),0,Not Applicable,11,"Class 1: 6,000 lbs. or less (2,722 kg or less)",11,"Class 1: 6,000 lbs. or less (2,722 kg or less)",0,No Trailers,7.77778E+11,No Trailing Units,7.77778E+11,No Trailing Units,7.77778E+11,No Trailing Units,77,No Trailing Units,77,No Trailing Units,77,No Trailing Units,0,Not an Articulated Vehicle,0,Not Applicable,0,Not Applicable,0,Not Applicable,0,Not Applicable,0,Not Applicable (N/A),1,No,0,Not Applicable,0,Not Applicable,0,Not Applicable,0,Not Applicable,0,Not a Bus,0,No Special Use Noted,0,Not Applicable,998,Not Reported,7,Not Applicable,8,Not Applicable,8,Not Applicable,12,12 Clock Point,6,Disabling Damage,6,Towed,54,"Motor Vehicle In-Transport Strikes or is Struck by Cargo, Persons or Objects Set-in-Motion from/by Another Motor Vehicle In Transport",0,No or Not Reported,73705,Kawasaki 450-749cc,J,K,A,Z,X,4,R,1,4,B,A,0,0,0,No,1,Yes,17,Illinois,60630,60630,1,Full Driver License,6,Valid,0,No (CDL),0,No Endorsements required for this vehicle,3,Valid license for this class vehicle,0,No Restrictions or Not Applicable,65,65,155,155 lbs.,0,,0,,0,,0,,0,,0,,0,,0,No Record,0,No Record,0,No Record,0,No Record,3,"Yes, Exceeded Speed Limit",1,"Two-Way, Not Divided",4,Four lanes,45,45 MPH,1,Straight,1,Level,8,Not Reported,1,Dry,2,Traffic control signal (on colors) with Pedestrian Signal,3,Device Functioning Properly,1,Going Straight,90,Object in road,99,Unknown/Not Reported,2,Skidding longitudinally  rotation less than 30 degrees,1,Stayed in original travel lane,98,M98-Other Crash Type
17,Illinois,170781,3,3,9,September,20,20,1,1:00am-1:59am,39,39,33,Curb,0,The First Harmful Event was Not a Collision with a Motor Vehicle in Transport,1,1,1,Motor Vehicle In-Transport (Inside or Outside the Trafficway),0,No,17,Illinois,1,Driver (in this crash) was Registered Owner,JYARN23EXDA0,JYARN23EXDA0,2013,2013,564,Yamaha,3214,YZF-R1,80,Motorcycle - Sport,76,Yamaha,706,80,Two Wheel Motorcycle (excluding motor scooters),0,Not Applicable,11,"Class 1: 6,000 lbs. or less (2,722 kg or less)",11,"Class 1: 6,000 lbs. or less (2,722 kg or less)",0,No Trailers,7.77778E+11,No Trailing Units,7.77778E+11,No Trailing Units,7.77778E+11,No Trailing Units,77,No Trailing Units,77,No Trailing Units,77,No Trailing Units,0,Not an Articulated Vehicle,0,Not Applicable,0,Not Applicable,0,Not Applicable,0,Not Applicable,0,Not Applicable (N/A),1,No,0,Not Applicable,0,Not Applicable,0,Not Applicable,0,Not Applicable,0,Not a Bus,0,No Special Use Noted,0,Not Applicable,998,Not Reported,7,Not Applicable,8,Not Applicable,8,Not Applicable,0,Non-Collision,8,Not Reported,5,Not Towed,1,Rollover/Overturn,0,No or Not Reported,76706,Yamaha 750cc or greater,J,Y,A,R,N,2,3,E,X,D,A,0,0,0,No,1,Yes,17,Illinois,60103,60103,1,Full Driver License,6,Valid,0,No (CDL),0,No Endorsements required for this vehicle,3,Valid license for this class vehicle,0,No Restrictions or Not Applicable,73,73,190,190 lbs.,0,,0,,0,,0,,0,,0,,0,,0,No Record,0,No Record,0,No Record,0,No Record,3,"Yes, Exceeded Speed Limit",1,"Two-Way, Not Divided",4,Four lanes,45,45 MPH,1,Straight,1,Level,8,Not Reported,1,Dry,2,Traffic control signal (on colors) with Pedestrian Signal,3,Device Functioning Properly,1,Going Straight,50,Other vehicle stopped,15,Braking and Unknown Steering Direction,2,Skidding longitudinally  rotation less than 30 degrees,3,"Stayed on roadway, not known if left original travel lane",98,M98-Other Crash Type