STATE,STATENAME,ST_CASE,VEH_NO,VE_FORMS,MONTH,MONTHNAME,DAY,DAYNAME,HOUR,HOURNAME,MINUTE,MINUTENAME,HARM_EV,HARM_EVNAME,MAN_COLL,MAN_COLLNAME,NUMOCCS,NUMOCCSNAME,UNITTYPE,UNITTYPENAME,HIT_RUN,HIT_RUNNAME,REG_STAT,REG_STATNAME,OWNER,OWNERNAME,VIN,VINNAME,MOD_YEAR,MOD_YEARNAME,VPICMAKE,VPICMAKENAME,VPICMODEL,VPICMODELNAME,VPICBODYCLASS,VPICBODYCLASSNAME,MAKE,MAKENAME,MODEL,BODY_TYP,BODY_TYPNAME,ICFINALBODY,ICFINALBODYNAME,GVWR_FROM,GVWR_FROMNAME,GVWR_TO,GVWR_TONAME,TOW_VEH,TOW_VEHNAME,TRLR1VIN,TRLR1VINNAME,TRLR2VIN,TRLR2VINNAME,TRLR3VIN,TRLR3VINNAME,TRLR1GVWR,TRLR1GVWRNAME,TRLR2GVWR,TRLR2GVWRNAME,TRLR3GVWR,TRLR3GVWRNAME,J_KNIFE,J_KNIFENAME,MCARR_ID,MCARR_IDNAME,MCARR_I1,MCARR_I1NAME,MCARR_I2,MCARR_I2NAME,V_CONFIG,V_CONFIGNAME,CARGO_BT,CARGO_BTNAME,HAZ_INV,HAZ_INVNAME,HAZ_PLAC,HAZ_PLACNAME,HAZ_ID,HAZ_IDNAME,HAZ_CNO,HAZ_CNONAME,HAZ_REL,HAZ_RELNAME,BUS_USE,BUS_USENAME,SPEC_USE,SPEC_USENAME,EMER_USE,EMER_USENAME,TRAV_SP,TRAV_SPNAME,UNDEROVERRIDE,UNDEROVERRIDENAME,ROLLOVER,ROLLOVERNAME,ROLINLOC,ROLINLOCNAME,IMPACT1,IMPACT1NAME,DEFORMED,DEFORMEDNAME,TOWED,TOWEDNAME,M_HARM,M_HARMNAME,FIRE_EXP,FIRE_EXPNAME,MAK_MOD,MAK_MODNAME,VIN_1,VIN_2,VIN_3,VIN_4,VIN_5,VIN_6,VIN_7,VIN_8,VIN_9,VIN_10,VIN_11,VIN_12,DEATHS,DR_DRINK,DR_DRINKNAME,DR_PRES,DR_PRESNAME,L_STATE,L_STATENAME,DR_ZIP,DR_ZIPNAME,L_TYPE,L_TYPENAME,L_STATUS,L_STATUSNAME,CDL_STAT,CDL_STATNAME,L_ENDORS,L_ENDORSNAME,L_COMPL,L_COMPLNAME,L_RESTRI,L_RESTRINAME,DR_HGT,DR_HGTNAME,DR_WGT,DR_WGTNAME,PREV_ACC,PREV_ACCNAME,PREV_SUS1,PREV_SUS1NAME,PREV_SUS2,PREV_SUS2NAME,PREV_SUS3,PREV_SUS3NAME,PREV_DWI,PREV_DWINAME,PREV_SPD,PREV_SPDNAME,PREV_OTH,PREV_OTHNAME,FIRST_MO,FIRST_MONAME,FIRST_YR,FIRST_YRNAME,LAST_MO,LAST_MONAME,LAST_YR,LAST_YRNAME,SPEEDREL,SPEEDRELNAME,VTRAFWAY,VTRAFWAYNAME,VNUM_LAN,VNUM_LANNAME,VSPD_LIM,VSPD_LIMNAME,VALIGN,VALIGNNAME,VPROFILE,VPROFILENAME,VPAVETYP,VPAVETYPNAME,VSURCOND,VSURCONDNAME,VTRAFCON,VTRAFCONNAME,VTCONT_F,VTCONT_FNAME,P_CRASH1,P_CRASH1NAME,P_CRASH2,P_CRASH2NAME,P_CRASH3,P_CRASH3NAME,PCRASH4,PCRASH4NAME,PCRASH5,PCRASH5NAME,ACC_TYPE,ACC_TYPENAME
18,Indiana,180093,1,1,2,February,11,11,99,Unknown Hours,99,Unknown Minutes,42,Tree (Standing Only),0,The First Harmful Event was Not a Collision with a Motor Vehicle in Transport,1,1,1,Motor Vehicle In-Transport (Inside or Outside the Trafficway),0,No,18,Indiana,1,Driver (in this crash) was Registered Owner,JYAVP11E74A0,JYAVP11E74A0,2004,2004,564,Yamaha,11619,XVS1100 / V Star 1100,82,Motorcycle - Cruiser,76,Yamaha,706,80,Two Wheel Motorcycle (excluding motor scooters),0,Not Applicable,11,"Class 1: 6,000 lbs. or less (2,722 kg or less)",11,"Class 1: 6,000 lbs. or less (2,722 kg or less)",0,No Trailers,7.77778E+11,No Trailing Units,7.77778E+11,No Trailing Units,7.77778E+11,No Trailing Units,77,No Trailing Units,77,No Trailing Units,77,No Trailing Units,0,Not an Articulated Vehicle,0,Not Applicable,0,Not Applicable,0,Not Applicable,0,Not Applicable,0,Not Applicable (N/A),1,No,0,Not Applicable,0,Not Applicable,0,Not Applicable,0,Not Applicable,0,Not a Bus,0,No Special Use Noted,0,Not Applicable,998,Not Reported,7,Not Applicable,8,Not Applicable,8,Not Applicable,12,12 Clock Point,6,Disabling Damage,6,Towed,42,Tree (Standing Only),0,No or Not Reported,76706,Yamaha 750cc or greater,J,Y,A,V,P,1,1,E,7,4,A,0,1,1,Yes,1,Yes,18,Indiana,47944,47944,1,Full Driver License,6,Valid,8,Other Not-Valid,0,No Endorsements required for this vehicle,3,Valid license for this class vehicle,0,No Restrictions or Not Applicable,72,72,160,160 lbs.,1,1,0,,0,,0,,1,1,0,,3,3,3,March,2019,2019,10,October,2023,2023,0,No,1,"Two-Way, Not Divided",2,Two lanes,35,35 MPH,2,Curve Right,2,"Grade, Unknown Slope",2,"Blacktop, Bituminous, or Asphalt",1,Dry,97,Not Reported,8,Not Reported,14,Negotiating a Curve,12,Off the edge of the road on the left side,99,Unknown/Not Reported,9,Precrash stability unknown,4,Departed roadway,6,B6-Single Driver-Left Roadside Departure-Drive Off Road
18,Indiana,180108,2,2,3,March,13,13,16,4:00pm-4:59pm,24,24,12,Motor Vehicle In-Transport,2,Front-to-Front,1,1,1,Motor Vehicle In-Transport (Inside or Outside the Trafficway),0,No,18,Indiana,1,Driver (in this crash) was Registered Owner,1HD1PXN18GB9,1HD1PXN18GB9,2016,2016,3888,Harley-Davidson,12639,FLHXSE / CVO Street Glide,81,Motorcycle - Touring / Sport Touring,72,Harley-Davidson,706,80,Two Wheel Motorcycle (excluding motor scooters),0,Not Applicable,11,"Class 1: 6,000 lbs. or less (2,722 kg or less)",11,"Class 1: 6,000 lbs. or less (2,722 kg or less)",0,No Trailers,7.77778E+11,No Trailing Units,7.77778E+11,No Trailing Units,7.77778E+11,No Trailing Units,77,No Trailing Units,77,No Trailing Units,77,No Trailing Units,0,Not an Articulated Vehicle,0,Not Applicable,0,Not Applicable,0,Not Applicable,0,Not Applicable,0,Not Applicable (N/A),1,No,0,Not Applicable,0,Not Applicable,0,Not Applicable,0,Not Applicable,0,Not a Bus,0,No Special Use Noted,0,Not Applicable,998,Not Reported,7,Not Applicable,8,Not Applicable,8,Not Applicable,12,12 Clock Point,6,Disabling Damage,6,Towed,12,Motor Vehicle In-Transport,0,No or Not Reported,72706,Harley-Davidson 750cc or greater,1,H,D,1,P,X,N,1,8,G,B,9,1,0,No,1,Yes,18,Indiana,47362,47362,1,Full Driver License,6,Valid,6,Valid,0,No Endorsements required for this vehicle,3,Valid license for this class vehicle,0,No Restrictions or Not Applicable,70,70,295,295 lbs.,2,2,0,,0,,0,,0,,1,1,0,,9,September,2019,2019,11,November,2022,2022,3,"Yes, Exceeded Speed Limit",2,"Two-Way, Divided, Unprotected Median",5,Five lanes,45,45 MPH,1,Straight,1,Level,1,Concrete,1,Dry,3,Traffic control signal(on colors) not known whether or not Pedestrian Signal,3,Device Functioning Properly,1,Going Straight,67,"From crossing street, turning into opposite direction",99,Unknown/Not Reported,1,Tracking,1,Stayed in original travel lane,83,"K83-Changing Trafficway, Vehicle Turning-Turn Into Path-Turn Into Opposite Directions (Going Straight)"
18,Indiana,180127,1,2,3,March,21,21,6,6:00am-6:59am,55,55,12,Motor Vehicle In-Transport,6,Angle,1,1,1,Motor Vehicle In-Transport (Inside or Outside the Trafficway),0,No,18,Indiana,2,Driver (in this crash) Not Registered Owner (Other Private Owner Listed),L2BB4CCC2KB4,L2BB4CCC2KB4,2019,2019,3115,BAODIAO,15097,4 lines,90,Motorcycle - Side Car,98,Other Make,709,80,Two Wheel Motorcycle (excluding motor scooters),0,Not Applicable,11,"Class 1: 6,000 lbs. or less (2,722 kg or less)",11,"Class 1: 6,000 lbs. or less (2,722 kg or less)",0,No Trailers,7.77778E+11,No Trailing Units,7.77778E+11,No Trailing Units,7.77778E+11,No Trailing Units,77,No Trailing Units,77,No Trailing Units,77,No Trailing Units,0,Not an Articulated Vehicle,0,Not Applicable,0,Not Applicable,0,Not Applicable,0,Not Applicable,0,Not Applicable (N/A),1,No,0,Not Applicable,0,Not Applicable,0,Not Applicable,0,Not Applicable,0,Not a Bus,0,No Special Use Noted,0,Not Applicable,998,Not Reported,7,Not Applicable,8,Not Applicable,8,Not Applicable,1,1 Clock Point,6,Disabling Damage,6,Towed,12,Motor Vehicle In-Transport,0,No or Not Reported,98709,Other Make Unknown cc,L,2,B,B,4,C,C,C,2,K,B,4,1,0,No,1,Yes,18,Indiana,46952,46952,1,Full Driver License,1,Suspended,0,No (CDL),0,No Endorsements required for this vehicle,2,No valid license for this class vehicle,0,No Restrictions or Not Applicable,73,73,260,260 lbs.,0,,0,,0,,2,2,0,,0,,1,1,10,October,2020,2020,4,April,2021,2021,0,No,5,"Two-Way, Not Divided With a Continuous Left-Turn Lane",5,Five lanes,35,35 MPH,1,Straight,1,Level,2,"Blacktop, Bituminous, or Asphalt",1,Dry,0,No Controls,0,No Controls,11,Turning Left,15,Turning Left,99,Unknown/Not Reported,1,Tracking,1,Stayed in original travel lane,68,"J68-Changing Trafficway, Vehicle Turning-Turn Across Path-Initial Opposite Directions (Left/Right)"
18,Indiana,180129,1,2,3,March,26,26,12,12:00pm-12:59pm,41,41,12,Motor Vehicle In-Transport,2,Front-to-Front,1,1,1,Motor Vehicle In-Transport (Inside or Outside the Trafficway),0,No,18,Indiana,2,Driver (in this crash) Not Registered Owner (Other Private Owner Listed),JH2PC2104TM7,JH2PC2104TM7,1996,1996,474,Honda,12222,VT600C (SHADOW VLX),98,Motorcycle - Street,37,Honda,705,80,Two Wheel Motorcycle (excluding motor scooters),0,Not Applicable,11,"Class 1: 6,000 lbs. or less (2,722 kg or less)",11,"Class 1: 6,000 lbs. or less (2,722 kg or less)",0,No Trailers,7.77778E+11,No Trailing Units,7.77778E+11,No Trailing Units,7.77778E+11,No Trailing Units,77,No Trailing Units,77,No Trailing Units,77,No Trailing Units,0,Not an Articulated Vehicle,0,Not Applicable,0,Not Applicable,0,Not Applicable,0,Not Applicable,0,Not Applicable (N/A),1,No,0,Not Applicable,0,Not Applicable,0,Not Applicable,0,Not Applicable,0,Not a Bus,0,No Special Use Noted,0,Not Applicable,60,060 MPH,7,Not Applicable,8,Not Applicable,8,Not Applicable,12,12 Clock Point,6,Disabling Damage,6,Towed,12,Motor Vehicle In-Transport,0,No or Not Reported,37705,Honda 450-749 cc,J,H,2,P,C,2,1,0,4,T,M,7,1,0,No,1,Yes,18,Indiana,47803,47803,1,Full Driver License,6,Valid,0,No (CDL),0,No Endorsements required for this vehicle,2,No valid license for this class vehicle,3,"Restrictions, Compliance Unknown",70,70,175,175 lbs.,2,2,0,,0,,3,3,1,1,1,1,0,,2,February,2020,2020,11,November,2022,2022,5,"Yes, Specifics Unknown",1,"Two-Way, Not Divided",5,Five lanes,30,30 MPH,1,Straight,1,Level,2,"Blacktop, Bituminous, or Asphalt",1,Dry,3,Traffic control signal(on colors) not known whether or not Pedestrian Signal,3,Device Functioning Properly,1,Going Straight,62,From opposite direction  over left lane line,99,Unknown/Not Reported,1,Tracking,1,Stayed in original travel lane,69,"J69-Changing Trafficway, Vehicle Turning-Turn Across Path-Initial Opposite Directions (Going Straight)"
18,Indiana,180130,1,2,3,March,17,17,20,8:00pm-8:59pm,7,7,1,Rollover/Overturn,0,The First Harmful Event was Not a Collision with a Motor Vehicle in Transport,1,1,1,Motor Vehicle In-Transport (Inside or Outside the Trafficway),0,No,18,Indiana,2,Driver (in this crash) Not Registered Owner (Other Private Owner Listed),JKBKXLAC4PA0,JKBKXLAC4PA0,2023,2023,510,Kawasaki,31440,KT112,113,"Off-road Vehicle - Motocross (Off-road short distance, closed track racing)",73,Kawasaki,702,83,Off-road Motorcycle,0,Not Applicable,11,"Class 1: 6,000 lbs. or less (2,722 kg or less)",11,"Class 1: 6,000 lbs. or less (2,722 kg or less)",0,No Trailers,7.77778E+11,No Trailing Units,7.77778E+11,No Trailing Units,7.77778E+11,No Trailing Units,77,No Trailing Units,77,No Trailing Units,77,No Trailing Units,0,Not an Articulated Vehicle,0,Not Applicable,0,Not Applicable,0,Not Applicable,0,Not Applicable,0,Not Applicable (N/A),1,No,0,Not Applicable,0,Not Applicable,0,Not Applicable,0,Not Applicable,0,Not a Bus,0,No Special Use Noted,0,Not Applicable,998,Not Reported,7,Not Applicable,8,Not Applicable,8,Not Applicable,0,Non-Collision,6,Disabling Damage,6,Towed,12,Motor Vehicle In-Transport,0,No or Not Reported,73702,Kawasaki 51-124cc,J,K,B,K,X,L,A,C,4,P,A,0,1,0,No,1,Yes,18,Indiana,46777,46777,2,Intermediate Driver License,6,Valid,0,No (CDL),0,No Endorsements required for this vehicle,2,No valid license for this class vehicle,0,No Restrictions or Not Applicable,74,74,160,160 lbs.,0,,0,,0,,0,,0,,0,,0,,0,No Record,0,No Record,0,No Record,0,No Record,0,No,1,"Two-Way, Not Divided",2,Two lanes,55,55 MPH,1,Straight,1,Level,2,"Blacktop, Bituminous, or Asphalt",2,Wet,0,No Controls,0,No Controls,1,Going Straight,6,Traveling Too Fast for Conditions or Road Configuration,7,Steering right,3,Skidding laterally clockwise rotation,2,"Stayed on roadway, but left original travel lane",98,M98-Other Crash Type
18,Indiana,180138,1,2,3,March,23,23,15,3:00pm-3:59pm,52,52,24,Guardrail Face,0,The First Harmful Event was Not a Collision with a Motor Vehicle in Transport,1,1,1,Motor Vehicle In-Transport (Inside or Outside the Trafficway),0,No,18,Indiana,1,Driver (in this crash) was Registered Owner,JKAEX8B19EA0,JKAEX8B19EA0,2014,2014,510,Kawasaki,3392,Ninja 300,80,Motorcycle - Sport,73,Kawasaki,703,80,Two Wheel Motorcycle (excluding motor scooters),0,Not Applicable,11,"Class 1: 6,000 lbs. or less (2,722 kg or less)",11,"Class 1: 6,000 lbs. or less (2,722 kg or less)",0,No Trailers,7.77778E+11,No Trailing Units,7.77778E+11,No Trailing Units,7.77778E+11,No Trailing Units,77,No Trailing Units,77,No Trailing Units,77,No Trailing Units,0,Not an Articulated Vehicle,0,Not Applicable,0,Not Applicable,0,Not Applicable,0,Not Applicable,0,Not Applicable (N/A),1,No,0,Not Applicable,0,Not Applicable,0,Not Applicable,0,Not Applicable,0,Not a Bus,0,No Special Use Noted,0,Not Applicable,998,Not Reported,7,Not Applicable,8,Not Applicable,8,Not Applicable,12,12 Clock Point,6,Disabling Damage,6,Towed,12,Motor Vehicle In-Transport,0,No or Not Reported,73703,Kawasaki 125-349cc,J,K,A,E,X,8,B,1,9,E,A,0,1,0,No,1,Yes,18,Indiana,46011,46011,1,Full Driver License,6,Valid,0,No (CDL),0,No Endorsements required for this vehicle,3,Valid license for this class vehicle,0,No Restrictions or Not Applicable,68,68,160,160 lbs.,0,,0,,0,,0,,0,,2,2,2,2,9,September,2020,2020,5,May,2022,2022,5,"Yes, Specifics Unknown",6,Entrance/Exit Ramp,2,Two lanes,40,40 MPH,2,Curve Right,1,Level,1,Concrete,1,Dry,97,Not Reported,8,Not Reported,14,Negotiating a Curve,6,Traveling Too Fast for Conditions or Road Configuration,99,Unknown/Not Reported,2,Skidding longitudinally  rotation less than 30 degrees,4,Departed roadway,7,B7-Single Driver-Left Roadside Departure-Control/Traction Loss
18,Indiana,180141,1,2,3,March,26,26,0,0:00am-0:59am,1,1,12,Motor Vehicle In-Transport,2,Front-to-Front,1,1,1,Motor Vehicle In-Transport (Inside or Outside the Trafficway),0,No,18,Indiana,1,Driver (in this crash) was Registered Owner,1HD1FS4478Y6,1HD1FS4478Y6,2008,2008,3888,Harley-Davidson,11573,FLTR / Road Glide,81,Motorcycle - Touring / Sport Touring,72,Harley-Davidson,706,80,Two Wheel Motorcycle (excluding motor scooters),0,Not Applicable,11,"Class 1: 6,000 lbs. or less (2,722 kg or less)",11,"Class 1: 6,000 lbs. or less (2,722 kg or less)",0,No Trailers,7.77778E+11,No Trailing Units,7.77778E+11,No Trailing Units,7.77778E+11,No Trailing Units,77,No Trailing Units,77,No Trailing Units,77,No Trailing Units,0,Not an Articulated Vehicle,0,Not Applicable,0,Not Applicable,0,Not Applicable,0,Not Applicable,0,Not Applicable (N/A),1,No,0,Not Applicable,0,Not Applicable,0,Not Applicable,0,Not Applicable,0,Not a Bus,0,No Special Use Noted,0,Not Applicable,998,Not Reported,7,Not Applicable,8,Not Applicable,8,Not Applicable,12,12 Clock Point,6,Disabling Damage,6,Towed,12,Motor Vehicle In-Transport,0,No or Not Reported,72706,Harley-Davidson 750cc or greater,1,H,D,1,F,S,4,4,7,8,Y,6,1,0,No,1,Yes,18,Indiana,46235,46235,1,Full Driver License,6,Valid,0,No (CDL),0,No Endorsements required for this vehicle,2,No valid license for this class vehicle,3,"Restrictions, Compliance Unknown",66,66,180,180 lbs.,0,,0,,0,,0,,0,,0,,0,,0,No Record,0,No Record,0,No Record,0,No Record,0,No,1,"Two-Way, Not Divided",4,Four lanes,40,40 MPH,1,Straight,1,Level,2,"Blacktop, Bituminous, or Asphalt",2,Wet,97,Not Reported,8,Not Reported,1,Going Straight,67,"From crossing street, turning into opposite direction",99,Unknown/Not Reported,1,Tracking,1,Stayed in original travel lane,83,"K83-Changing Trafficway, Vehicle Turning-Turn Into Path-Turn Into Opposite Directions (Going Straight)"
18,Indiana,180142,1,2,3,March,23,23,13,1:00pm-1:59pm,40,40,1,Rollover/Overturn,0,The First Harmful Event was Not a Collision with a Motor Vehicle in Transport,1,1,1,Motor Vehicle In-Transport (Inside or Outside the Trafficway),0,No,18,Indiana,2,Driver (in this crash) Not Registered Owner (Other Private Owner Listed),H0DTADFN1PX0,H0DTADFN1PX0,2023,2023,11887,FENGYUAN,30678,ROMA,12,Motorcycle - Scooter,98,Other Make,703,84,Motor Scooter,0,Not Applicable,11,"Class 1: 6,000 lbs. or less (2,722 kg or less)",11,"Class 1: 6,000 lbs. or less (2,722 kg or less)",0,No Trailers,7.77778E+11,No Trailing Units,7.77778E+11,No Trailing Units,7.77778E+11,No Trailing Units,77,No Trailing Units,77,No Trailing Units,77,No Trailing Units,0,Not an Articulated Vehicle,0,Not Applicable,0,Not Applicable,0,Not Applicable,0,Not Applicable,0,Not Applicable (N/A),1,No,0,Not Applicable,0,Not Applicable,0,Not Applicable,0,Not Applicable,0,Not a Bus,0,No Special Use Noted,0,Not Applicable,998,Not Reported,7,Not Applicable,8,Not Applicable,8,Not Applicable,0,Non-Collision,6,Disabling Damage,6,Towed,1,Rollover/Overturn,0,No or Not Reported,98703,Other Make 125-349cc,H,0,D,T,A,D,F,N,1,P,X,0,1,0,No,1,Yes,18,Indiana,46806,46806,7,Learner's Permit,6,Valid,0,No (CDL),0,No Endorsements required for this vehicle,3,Valid license for this class vehicle,0,No Restrictions or Not Applicable,75,75,235,235 lbs.,0,,0,,0,,0,,1,1,0,,7,7,1,January,2020,2020,6,June,2023,2023,0,No,1,"Two-Way, Not Divided",2,Two lanes,30,30 MPH,1,Straight,2,"Grade, Unknown Slope",2,"Blacktop, Bituminous, or Asphalt",1,Dry,0,No Controls,0,No Controls,1,Going Straight,98,Other critical precrash event (specify:),16,Braking,1,Tracking,1,Stayed in original travel lane,98,M98-Other Crash Type
18,Indiana,180147,2,3,3,March,24,24,19,7:00pm-7:59pm,51,51,12,Motor Vehicle In-Transport,1,Front-to-Rear,1,1,1,Motor Vehicle In-Transport (Inside or Outside the Trafficway),0,No,18,Indiana,1,Driver (in this crash) was Registered Owner,WB10557A22ZG,WB10557A22ZG,2002,2002,452,BMW,2354,K 1200 S,80,Motorcycle - Sport,34,BMW,706,80,Two Wheel Motorcycle (excluding motor scooters),0,Not Applicable,11,"Class 1: 6,000 lbs. or less (2,722 kg or less)",11,"Class 1: 6,000 lbs. or less (2,722 kg or less)",0,No Trailers,7.77778E+11,No Trailing Units,7.77778E+11,No Trailing Units,7.77778E+11,No Trailing Units,77,No Trailing Units,77,No Trailing Units,77,No Trailing Units,0,Not an Articulated Vehicle,0,Not Applicable,0,Not Applicable,0,Not Applicable,0,Not Applicable,0,Not Applicable (N/A),1,No,0,Not Applicable,0,Not Applicable,0,Not Applicable,0,Not Applicable,0,Not a Bus,0,No Special Use Noted,0,Not Applicable,0,Stopped Motor Vehicle In-Transport,7,Not Applicable,8,Not Applicable,8,Not Applicable,6,6 Clock Point,6,Disabling Damage,6,Towed,12,Motor Vehicle In-Transport,0,No or Not Reported,34706,BMW 750cc and over,W,B,1,0,5,5,7,A,2,2,Z,G,1,0,No,1,Yes,18,Indiana,46239,46239,1,Full Driver License,6,Valid,0,No (CDL),0,No Endorsements required for this vehicle,3,Valid license for this class vehicle,0,No Restrictions or Not Applicable,73,73,250,250 lbs.,0,,0,,0,,2,2,0,,2,2,0,,8,August,2021,2021,6,June,2023,2023,0,No,2,"Two-Way, Divided, Unprotected Median",4,Four lanes,35,35 MPH,1,Straight,1,Level,2,"Blacktop, Bituminous, or Asphalt",1,Dry,3,Traffic control signal(on colors) not known whether or not Pedestrian Signal,3,Device Functioning Properly,5,Stopped in Roadway,53,Traveling in same direction with higher speed,1,No Avoidance Maneuver,1,Tracking,1,Stayed in original travel lane,21,"D21-Same Trafficway, Same Direction-Rear End-Stopped, Straight"
18,Indiana,180150,2,2,3,March,28,28,14,2:00pm-2:59pm,35,35,12,Motor Vehicle In-Transport,6,Angle,1,1,1,Motor Vehicle In-Transport (Inside or Outside the Trafficway),0,No,39,Ohio,1,Driver (in this crash) was Registered Owner,1HD1BWB112Y0,1HD1BWB112Y0,2002,2002,3888,Harley-Davidson,8501,Heritage Softail Classic,81,Motorcycle - Touring / Sport Touring,72,Harley-Davidson,706,80,Two Wheel Motorcycle (excluding motor scooters),0,Not Applicable,11,"Class 1: 6,000 lbs. or less (2,722 kg or less)",11,"Class 1: 6,000 lbs. or less (2,722 kg or less)",0,No Trailers,7.77778E+11,No Trailing Units,7.77778E+11,No Trailing Units,7.77778E+11,No Trailing Units,77,No Trailing Units,77,No Trailing Units,77,No Trailing Units,0,Not an Articulated Vehicle,0,Not Applicable,0,Not Applicable,0,Not Applicable,0,Not Applicable,0,Not Applicable (N/A),1,No,0,Not Applicable,0,Not Applicable,0,Not Applicable,0,Not Applicable,0,Not a Bus,0,No Special Use Noted,0,Not Applicable,998,Not Reported,7,Not Applicable,8,Not Applicable,8,Not Applicable,12,12 Clock Point,6,Disabling Damage,6,Towed,12,Motor Vehicle In-Transport,0,No or Not Reported,72706,Harley-Davidson 750cc or greater,1,H,D,1,B,W,B,1,1,2,Y,0,1,0,No,1,Yes,18,Indiana,46241,46241,1,Full Driver License,6,Valid,0,No (CDL),0,No Endorsements required for this vehicle,2,No valid license for this class vehicle,0,No Restrictions or Not Applicable,69,69,200,200 lbs.,1,1,0,,0,,1,1,0,,0,,0,,4,April,2023,2023,4,April,2023,2023,0,No,3,"Two-Way,  Divided, Positive  Median Barrier",2,Two lanes,35,35 MPH,1,Straight,1,Level,2,"Blacktop, Bituminous, or Asphalt",1,Dry,97,Not Reported,8,Not Reported,1,Going Straight,61,From adjacent lane (same direction) over right lane line,99,Unknown/Not Reported,1,Tracking,1,Stayed in original travel lane,98,M98-Other Crash Type
18,Indiana,180155,1,1,4,April,8,8,15,3:00pm-3:59pm,44,44,1,Rollover/Overturn,0,The First Harmful Event was Not a Collision with a Motor Vehicle in Transport,1,1,1,Motor Vehicle In-Transport (Inside or Outside the Trafficway),0,No,18,Indiana,1,Driver (in this crash) was Registered Owner,5J11TBJ1X4W0,5J11TBJ1X4W0,2004,2004,1068,Big Dog Motorcycles,10030,Chopper - DT,94,Motorcycle - Custom,98,Other Make,709,80,Two Wheel Motorcycle (excluding motor scooters),0,Not Applicable,11,"Class 1: 6,000 lbs. or less (2,722 kg or less)",11,"Class 1: 6,000 lbs. or less (2,722 kg or less)",0,No Trailers,7.77778E+11,No Trailing Units,7.77778E+11,No Trailing Units,7.77778E+11,No Trailing Units,77,No Trailing Units,77,No Trailing Units,77,No Trailing Units,0,Not an Articulated Vehicle,0,Not Applicable,0,Not Applicable,0,Not Applicable,0,Not Applicable,0,Not Applicable (N/A),1,No,0,Not Applicable,0,Not Applicable,0,Not Applicable,0,Not Applicable,0,Not a Bus,0,No Special Use Noted,0,Not Applicable,998,Not Reported,7,Not Applicable,8,Not Applicable,8,Not Applicable,0,Non-Collision,6,Disabling Damage,6,Towed,1,Rollover/Overturn,0,No or Not Reported,98709,Other Make Unknown cc,5,J,1,1,T,B,J,1,X,4,W,0,1,1,Yes,1,Yes,18,Indiana,47274,47274,1,Full Driver License,6,Valid,6,Valid,0,No Endorsements required for this vehicle,3,Valid license for this class vehicle,0,No Restrictions or Not Applicable,71,71,175,175 lbs.,2,2,0,,0,,4,4,0,,1,1,0,,2,February,2020,2020,4,April,2023,2023,4,"Yes, Too Fast for Conditions",1,"Two-Way, Not Divided",2,Two lanes,45,45 MPH,3,Curve Left,1,Level,2,"Blacktop, Bituminous, or Asphalt",1,Dry,97,Not Reported,8,Not Reported,14,Negotiating a Curve,3,"Disabling vehicle failure (e.g., wheel fell off) (specify:)",99,Unknown/Not Reported,2,Skidding longitudinally  rotation less than 30 degrees,1,Stayed in original travel lane,98,M98-Other Crash Type
18,Indiana,180171,2,2,4,April,16,16,21,9:00pm-9:59pm,31,31,12,Motor Vehicle In-Transport,2,Front-to-Front,1,1,1,Motor Vehicle In-Transport (Inside or Outside the Trafficway),0,No,18,Indiana,1,Driver (in this crash) was Registered Owner,JH2PC35042M3,JH2PC35042M3,2002,2002,474,Honda,14060,CBR600,80,Motorcycle - Sport,37,Honda,705,80,Two Wheel Motorcycle (excluding motor scooters),0,Not Applicable,11,"Class 1: 6,000 lbs. or less (2,722 kg or less)",11,"Class 1: 6,000 lbs. or less (2,722 kg or less)",0,No Trailers,7.77778E+11,No Trailing Units,7.77778E+11,No Trailing Units,7.77778E+11,No Trailing Units,77,No Trailing Units,77,No Trailing Units,77,No Trailing Units,0,Not an Articulated Vehicle,0,Not Applicable,0,Not Applicable,0,Not Applicable,0,Not Applicable,0,Not Applicable (N/A),1,No,0,Not Applicable,0,Not Applicable,0,Not Applicable,0,Not Applicable,0,Not a Bus,0,No Special Use Noted,0,Not Applicable,998,Not Reported,7,Not Applicable,8,Not Applicable,8,Not Applicable,12,12 Clock Point,6,Disabling Damage,6,Towed,12,Motor Vehicle In-Transport,0,No or Not Reported,37705,Honda 450-749 cc,J,H,2,P,C,3,5,0,4,2,M,3,1,0,No,1,Yes,18,Indiana,46176,46176,1,Full Driver License,6,Valid,0,No (CDL),0,No Endorsements required for this vehicle,3,Valid license for this class vehicle,0,No Restrictions or Not Applicable,73,73,170,170 lbs.,0,,0,,0,,0,,0,,1,1,1,1,6,June,2022,2022,5,May,2023,2023,0,No,2,"Two-Way, Divided, Unprotected Median",2,Two lanes,45,45 MPH,1,Straight,1,Level,2,"Blacktop, Bituminous, or Asphalt",1,Dry,0,No Controls,0,No Controls,1,Going Straight,65,"From crossing street, turning into same direction",99,Unknown/Not Reported,1,Tracking,1,Stayed in original travel lane,79,"K79-Changing Trafficway, Vehicle Turning-Turn Into Path-Turn Into Same Direction (Going Straight)"