STATE,STATENAME,ST_CASE,VEH_NO,VE_FORMS,MONTH,MONTHNAME,DAY,DAYNAME,HOUR,HOURNAME,MINUTE,MINUTENAME,HARM_EV,HARM_EVNAME,MAN_COLL,MAN_COLLNAME,NUMOCCS,NUMOCCSNAME,UNITTYPE,UNITTYPENAME,HIT_RUN,HIT_RUNNAME,REG_STAT,REG_STATNAME,OWNER,OWNERNAME,VIN,VINNAME,MOD_YEAR,MOD_YEARNAME,VPICMAKE,VPICMAKENAME,VPICMODEL,VPICMODELNAME,VPICBODYCLASS,VPICBODYCLASSNAME,MAKE,MAKENAME,MODEL,BODY_TYP,BODY_TYPNAME,ICFINALBODY,ICFINALBODYNAME,GVWR_FROM,GVWR_FROMNAME,GVWR_TO,GVWR_TONAME,TOW_VEH,TOW_VEHNAME,TRLR1VIN,TRLR1VINNAME,TRLR2VIN,TRLR2VINNAME,TRLR3VIN,TRLR3VINNAME,TRLR1GVWR,TRLR1GVWRNAME,TRLR2GVWR,TRLR2GVWRNAME,TRLR3GVWR,TRLR3GVWRNAME,J_KNIFE,J_KNIFENAME,MCARR_ID,MCARR_IDNAME,MCARR_I1,MCARR_I1NAME,MCARR_I2,MCARR_I2NAME,V_CONFIG,V_CONFIGNAME,CARGO_BT,CARGO_BTNAME,HAZ_INV,HAZ_INVNAME,HAZ_PLAC,HAZ_PLACNAME,HAZ_ID,HAZ_IDNAME,HAZ_CNO,HAZ_CNONAME,HAZ_REL,HAZ_RELNAME,BUS_USE,BUS_USENAME,SPEC_USE,SPEC_USENAME,EMER_USE,EMER_USENAME,TRAV_SP,TRAV_SPNAME,UNDEROVERRIDE,UNDEROVERRIDENAME,ROLLOVER,ROLLOVERNAME,ROLINLOC,ROLINLOCNAME,IMPACT1,IMPACT1NAME,DEFORMED,DEFORMEDNAME,TOWED,TOWEDNAME,M_HARM,M_HARMNAME,FIRE_EXP,FIRE_EXPNAME,MAK_MOD,MAK_MODNAME,VIN_1,VIN_2,VIN_3,VIN_4,VIN_5,VIN_6,VIN_7,VIN_8,VIN_9,VIN_10,VIN_11,VIN_12,DEATHS,DR_DRINK,DR_DRINKNAME,DR_PRES,DR_PRESNAME,L_STATE,L_STATENAME,DR_ZIP,DR_ZIPNAME,L_TYPE,L_TYPENAME,L_STATUS,L_STATUSNAME,CDL_STAT,CDL_STATNAME,L_ENDORS,L_ENDORSNAME,L_COMPL,L_COMPLNAME,L_RESTRI,L_RESTRINAME,DR_HGT,DR_HGTNAME,DR_WGT,DR_WGTNAME,PREV_ACC,PREV_ACCNAME,PREV_SUS1,PREV_SUS1NAME,PREV_SUS2,PREV_SUS2NAME,PREV_SUS3,PREV_SUS3NAME,PREV_DWI,PREV_DWINAME,PREV_SPD,PREV_SPDNAME,PREV_OTH,PREV_OTHNAME,FIRST_MO,FIRST_MONAME,FIRST_YR,FIRST_YRNAME,LAST_MO,LAST_MONAME,LAST_YR,LAST_YRNAME,SPEEDREL,SPEEDRELNAME,VTRAFWAY,VTRAFWAYNAME,VNUM_LAN,VNUM_LANNAME,VSPD_LIM,VSPD_LIMNAME,VALIGN,VALIGNNAME,VPROFILE,VPROFILENAME,VPAVETYP,VPAVETYPNAME,VSURCOND,VSURCONDNAME,VTRAFCON,VTRAFCONNAME,VTCONT_F,VTCONT_FNAME,P_CRASH1,P_CRASH1NAME,P_CRASH2,P_CRASH2NAME,P_CRASH3,P_CRASH3NAME,PCRASH4,PCRASH4NAME,PCRASH5,PCRASH5NAME,ACC_TYPE,ACC_TYPENAME
37,North Carolina,371436,2,2,12,December,31,31,7,7:00am-7:59am,6,6,12,Motor Vehicle In-Transport,6,Angle,1,1,1,Motor Vehicle In-Transport (Inside or Outside the Trafficway),0,No,37,North Carolina,1,Driver (in this crash) was Registered Owner,L2BB9NCC8MB7,L2BB9NCC8MB7,2021,2021,3115,BAODIAO,15107,9 lines,104,Motorcycle - Moped,98,Other Make,709,81,Moped,0,Not Applicable,11,"Class 1: 6,000 lbs. or less (2,722 kg or less)",11,"Class 1: 6,000 lbs. or less (2,722 kg or less)",0,No Trailers,7.77778E+11,No Trailing Units,7.77778E+11,No Trailing Units,7.77778E+11,No Trailing Units,77,No Trailing Units,77,No Trailing Units,77,No Trailing Units,0,Not an Articulated Vehicle,0,Not Applicable,0,Not Applicable,0,Not Applicable,0,Not Applicable,0,Not Applicable (N/A),1,No,0,Not Applicable,0,Not Applicable,0,Not Applicable,0,Not Applicable,0,Not a Bus,0,No Special Use Noted,0,Not Applicable,35,035 MPH,7,Not Applicable,8,Not Applicable,8,Not Applicable,12,12 Clock Point,6,Disabling Damage,6,Towed,12,Motor Vehicle In-Transport,0,No or Not Reported,98709,Other Make Unknown cc,L,2,B,B,9,N,C,C,8,M,B,7,1,0,No,1,Yes,37,North Carolina,27262,27262,1,Full Driver License,3,Expired,0,No (CDL),0,No Endorsements required for this vehicle,1,No license required for this class vehicle,0,No Restrictions or Not Applicable,72,72,999,Unknown,0,,0,,0,,0,,0,,0,,0,,0,No Record,0,No Record,0,No Record,0,No Record,0,No,1,"Two-Way, Not Divided",2,Two lanes,35,35 MPH,3,Curve Left,2,"Grade, Unknown Slope",2,"Blacktop, Bituminous, or Asphalt",1,Dry,0,No Controls,0,No Controls,14,Negotiating a Curve,61,From adjacent lane (same direction) over right lane line,99,Unknown/Not Reported,1,Tracking,1,Stayed in original travel lane,69,"J69-Changing Trafficway, Vehicle Turning-Turn Across Path-Initial Opposite Directions (Going Straight)"
37,North Carolina,371454,1,1,12,December,8,8,20,8:00pm-8:59pm,47,47,33,Curb,0,The First Harmful Event was Not a Collision with a Motor Vehicle in Transport,1,1,1,Motor Vehicle In-Transport (Inside or Outside the Trafficway),0,No,37,North Carolina,1,Driver (in this crash) was Registered Owner,L0WHDN109N10,L0WHDN109N10,2022,2022,99997,Other,99997,Other,85,Motorcycle - Dual Sport / Adventure / Supermoto / On/Off-road,98,Other Make,703,80,Two Wheel Motorcycle (excluding motor scooters),0,Not Applicable,11,"Class 1: 6,000 lbs. or less (2,722 kg or less)",11,"Class 1: 6,000 lbs. or less (2,722 kg or less)",0,No Trailers,7.77778E+11,No Trailing Units,7.77778E+11,No Trailing Units,7.77778E+11,No Trailing Units,77,No Trailing Units,77,No Trailing Units,77,No Trailing Units,0,Not an Articulated Vehicle,0,Not Applicable,0,Not Applicable,0,Not Applicable,0,Not Applicable,0,Not Applicable (N/A),1,No,0,Not Applicable,0,Not Applicable,0,Not Applicable,0,Not Applicable,0,Not a Bus,0,No Special Use Noted,0,Not Applicable,55,055 MPH,7,Not Applicable,8,Not Applicable,8,Not Applicable,12,12 Clock Point,6,Disabling Damage,6,Towed,33,Curb,0,No or Not Reported,98703,Other Make 125-349cc,L,0,W,H,D,N,1,0,9,N,1,0,1,1,Yes,1,Yes,37,North Carolina,28734,28734,1,Full Driver License,6,Valid,6,Valid,0,No Endorsements required for this vehicle,3,Valid license for this class vehicle,0,No Restrictions or Not Applicable,71,71,999,Unknown,2,2,0,,0,,0,,0,,0,,0,,10,October,2021,2021,9,September,2024,2024,4,"Yes, Too Fast for Conditions",1,"Two-Way, Not Divided",2,Two lanes,25,25 MPH,2,Curve Right,1,Level,2,"Blacktop, Bituminous, or Asphalt",1,Dry,21,Yield Sign,3,Device Functioning Properly,14,Negotiating a Curve,12,Off the edge of the road on the left side,99,Unknown/Not Reported,1,Tracking,4,Departed roadway,6,B6-Single Driver-Left Roadside Departure-Drive Off Road
37,North Carolina,371457,1,2,12,December,8,8,17,5:00pm-5:59pm,55,55,12,Motor Vehicle In-Transport,6,Angle,1,1,1,Motor Vehicle In-Transport (Inside or Outside the Trafficway),0,No,37,North Carolina,1,Driver (in this crash) was Registered Owner,SMTL23UF6STB,SMTL23UF6STB,2025,2025,565,Triumph,28649,Daytona,80,Motorcycle - Sport,50,Triumph,705,80,Two Wheel Motorcycle (excluding motor scooters),0,Not Applicable,11,"Class 1: 6,000 lbs. or less (2,722 kg or less)",11,"Class 1: 6,000 lbs. or less (2,722 kg or less)",0,No Trailers,7.77778E+11,No Trailing Units,7.77778E+11,No Trailing Units,7.77778E+11,No Trailing Units,77,No Trailing Units,77,No Trailing Units,77,No Trailing Units,0,Not an Articulated Vehicle,0,Not Applicable,0,Not Applicable,0,Not Applicable,0,Not Applicable,0,Not Applicable (N/A),1,No,0,Not Applicable,0,Not Applicable,0,Not Applicable,0,Not Applicable,0,Not a Bus,0,No Special Use Noted,0,Not Applicable,73,073 MPH,7,Not Applicable,8,Not Applicable,8,Not Applicable,12,12 Clock Point,7,"Damage Reported, Extent Unknown",6,Towed,12,Motor Vehicle In-Transport,0,No or Not Reported,50705,Triumph 450-749cc,S,M,T,L,2,3,U,F,6,S,T,B,1,0,No,1,Yes,37,North Carolina,28273,28273,1,Full Driver License,6,Valid,0,No (CDL),0,No Endorsements required for this vehicle,3,Valid license for this class vehicle,0,No Restrictions or Not Applicable,75,75,999,Unknown,0,,0,,0,,0,,0,,0,,0,,0,No Record,0,No Record,0,No Record,0,No Record,3,"Yes, Exceeded Speed Limit",1,"Two-Way, Not Divided",4,Four lanes,35,35 MPH,1,Straight,2,"Grade, Unknown Slope",2,"Blacktop, Bituminous, or Asphalt",1,Dry,0,No Controls,0,No Controls,1,Going Straight,17,Crossing Over (Passing Through) Junction,99,Unknown/Not Reported,1,Tracking,1,Stayed in original travel lane,69,"J69-Changing Trafficway, Vehicle Turning-Turn Across Path-Initial Opposite Directions (Going Straight)"
37,North Carolina,371465,1,2,12,December,19,19,20,8:00pm-8:59pm,54,54,12,Motor Vehicle In-Transport,6,Angle,1,1,1,Motor Vehicle In-Transport (Inside or Outside the Trafficway),0,No,37,North Carolina,2,Driver (in this crash) Not Registered Owner (Other Private Owner Listed),ZDM1RABPX4B0,ZDM1RABPX4B0,2004,2004,568,Ducati,2927,Monster,98,Motorcycle - Street,71,Ducati,706,80,Two Wheel Motorcycle (excluding motor scooters),0,Not Applicable,11,"Class 1: 6,000 lbs. or less (2,722 kg or less)",11,"Class 1: 6,000 lbs. or less (2,722 kg or less)",0,No Trailers,7.77778E+11,No Trailing Units,7.77778E+11,No Trailing Units,7.77778E+11,No Trailing Units,77,No Trailing Units,77,No Trailing Units,77,No Trailing Units,0,Not an Articulated Vehicle,0,Not Applicable,0,Not Applicable,0,Not Applicable,0,Not Applicable,0,Not Applicable (N/A),1,No,0,Not Applicable,0,Not Applicable,0,Not Applicable,0,Not Applicable,0,Not a Bus,0,No Special Use Noted,0,Not Applicable,55,055 MPH,7,Not Applicable,8,Not Applicable,8,Not Applicable,12,12 Clock Point,6,Disabling Damage,6,Towed,12,Motor Vehicle In-Transport,0,No or Not Reported,71706,Ducati 750cc or greater,Z,D,M,1,R,A,B,P,X,4,B,0,1,0,No,1,Yes,37,North Carolina,28107,28107,1,Full Driver License,6,Valid,0,No (CDL),0,No Endorsements required for this vehicle,3,Valid license for this class vehicle,0,No Restrictions or Not Applicable,68,68,999,Unknown,0,,0,,0,,0,,0,,0,,0,,0,No Record,0,No Record,0,No Record,0,No Record,3,"Yes, Exceeded Speed Limit",1,"Two-Way, Not Divided",4,Four lanes,35,35 MPH,1,Straight,1,Level,2,"Blacktop, Bituminous, or Asphalt",1,Dry,0,No Controls,0,No Controls,1,Going Straight,62,From opposite direction  over left lane line,99,Unknown/Not Reported,1,Tracking,1,Stayed in original travel lane,69,"J69-Changing Trafficway, Vehicle Turning-Turn Across Path-Initial Opposite Directions (Going Straight)"
37,North Carolina,371474,1,1,12,December,8,8,15,3:00pm-3:59pm,24,24,35,Embankment,0,The First Harmful Event was Not a Collision with a Motor Vehicle in Transport,1,1,1,Motor Vehicle In-Transport (Inside or Outside the Trafficway),0,No,37,North Carolina,1,Driver (in this crash) was Registered Owner,1HD1FC4137Y6,1HD1FC4137Y6,2007,2007,3888,Harley-Davidson,8509,Electra Glide Ultra Classic,81,Motorcycle - Touring / Sport Touring,72,Harley-Davidson,706,80,Two Wheel Motorcycle (excluding motor scooters),0,Not Applicable,11,"Class 1: 6,000 lbs. or less (2,722 kg or less)",11,"Class 1: 6,000 lbs. or less (2,722 kg or less)",0,No Trailers,7.77778E+11,No Trailing Units,7.77778E+11,No Trailing Units,7.77778E+11,No Trailing Units,77,No Trailing Units,77,No Trailing Units,77,No Trailing Units,0,Not an Articulated Vehicle,0,Not Applicable,0,Not Applicable,0,Not Applicable,0,Not Applicable,0,Not Applicable (N/A),1,No,0,Not Applicable,0,Not Applicable,0,Not Applicable,0,Not Applicable,0,Not a Bus,0,No Special Use Noted,0,Not Applicable,45,045 MPH,7,Not Applicable,8,Not Applicable,8,Not Applicable,12,12 Clock Point,6,Disabling Damage,6,Towed,35,Embankment,0,No or Not Reported,72706,Harley-Davidson 750cc or greater,1,H,D,1,F,C,4,1,3,7,Y,6,1,0,No,1,Yes,37,North Carolina,27851,27851,1,Full Driver License,6,Valid,0,No (CDL),0,No Endorsements required for this vehicle,3,Valid license for this class vehicle,0,No Restrictions or Not Applicable,68,68,999,Unknown,2,2,0,,0,,0,,0,,1,1,0,,9,September,2020,2020,10,October,2024,2024,0,No,1,"Two-Way, Not Divided",2,Two lanes,45,45 MPH,1,Straight,1,Level,2,"Blacktop, Bituminous, or Asphalt",1,Dry,0,No Controls,0,No Controls,1,Going Straight,13,Off the edge of the road on the right side,99,Unknown/Not Reported,1,Tracking,4,Departed roadway,1,A1-Single Driver-Right Roadside Departure-Drive Off Road
37,North Carolina,371489,1,2,12,December,18,18,5,5:00am-5:59am,46,46,1,Rollover/Overturn,0,The First Harmful Event was Not a Collision with a Motor Vehicle in Transport,1,1,1,Motor Vehicle In-Transport (Inside or Outside the Trafficway),0,No,27,Minnesota,1,Driver (in this crash) was Registered Owner,4MZDX03D4637,4MZDX03D4637,2006,2006,590,Buell,3457,XB12X,85,Motorcycle - Dual Sport / Adventure / Supermoto / On/Off-road,98,Other Make,706,80,Two Wheel Motorcycle (excluding motor scooters),0,Not Applicable,11,"Class 1: 6,000 lbs. or less (2,722 kg or less)",11,"Class 1: 6,000 lbs. or less (2,722 kg or less)",0,No Trailers,7.77778E+11,No Trailing Units,7.77778E+11,No Trailing Units,7.77778E+11,No Trailing Units,77,No Trailing Units,77,No Trailing Units,77,No Trailing Units,0,Not an Articulated Vehicle,0,Not Applicable,0,Not Applicable,0,Not Applicable,0,Not Applicable,0,Not Applicable (N/A),1,No,0,Not Applicable,0,Not Applicable,0,Not Applicable,0,Not Applicable,0,Not a Bus,0,No Special Use Noted,0,Not Applicable,45,045 MPH,7,Not Applicable,8,Not Applicable,8,Not Applicable,0,Non-Collision,6,Disabling Damage,6,Towed,1,Rollover/Overturn,1,Yes,98706,Other Make 750cc or greater,4,M,Z,D,X,0,3,D,4,6,3,7,1,0,No,1,Yes,37,North Carolina,28529,28529,1,Full Driver License,6,Valid,0,No (CDL),0,No Endorsements required for this vehicle,3,Valid license for this class vehicle,0,No Restrictions or Not Applicable,70,70,999,Unknown,0,,0,,0,,0,,0,,0,,0,,0,No Record,0,No Record,0,No Record,0,No Record,4,"Yes, Too Fast for Conditions",1,"Two-Way, Not Divided",2,Two lanes,55,55 MPH,1,Straight,1,Level,2,"Blacktop, Bituminous, or Asphalt",2,Wet,20,Stop Sign,3,Device Functioning Properly,11,Turning Left,15,Turning Left,99,Unknown/Not Reported,4,Skidding laterally counterclockwise rotation,2,"Stayed on roadway, but left original travel lane",98,M98-Other Crash Type
37,North Carolina,371516,1,1,6,June,10,10,17,5:00pm-5:59pm,55,55,14,Parked Motor Vehicle,0,The First Harmful Event was Not a Collision with a Motor Vehicle in Transport,1,1,1,Motor Vehicle In-Transport (Inside or Outside the Trafficway),0,No,37,North Carolina,1,Driver (in this crash) was Registered Owner,LXDTCARA6M10,LXDTCARA6M10,2021,2021,2342,DONGFANG,10137,DF50SST,12,Motorcycle - Scooter,98,Other Make,701,84,Motor Scooter,0,Not Applicable,11,"Class 1: 6,000 lbs. or less (2,722 kg or less)",11,"Class 1: 6,000 lbs. or less (2,722 kg or less)",0,No Trailers,7.77778E+11,No Trailing Units,7.77778E+11,No Trailing Units,7.77778E+11,No Trailing Units,77,No Trailing Units,77,No Trailing Units,77,No Trailing Units,0,Not an Articulated Vehicle,0,Not Applicable,0,Not Applicable,0,Not Applicable,0,Not Applicable,0,Not Applicable (N/A),1,No,0,Not Applicable,0,Not Applicable,0,Not Applicable,0,Not Applicable,0,Not a Bus,0,No Special Use Noted,0,Not Applicable,25,025 MPH,7,Not Applicable,8,Not Applicable,8,Not Applicable,12,12 Clock Point,6,Disabling Damage,6,Towed,14,Parked Motor Vehicle,0,No or Not Reported,98701,Other Make 0-50cc,L,X,D,T,C,A,R,A,6,M,1,0,1,0,No,1,Yes,37,North Carolina,27284,27284,1,Full Driver License,1,Suspended,0,No (CDL),0,No Endorsements required for this vehicle,1,No license required for this class vehicle,0,No Restrictions or Not Applicable,76,76,999,Unknown,0,,0,,0,,0,,0,,0,,0,,0,No Record,0,No Record,0,No Record,0,No Record,0,No,1,"Two-Way, Not Divided",2,Two lanes,25,25 MPH,3,Curve Left,2,"Grade, Unknown Slope",2,"Blacktop, Bituminous, or Asphalt",1,Dry,0,No Controls,0,No Controls,14,Negotiating a Curve,11,Over the lane line on right side of travel lane,99,Unknown/Not Reported,9,Precrash stability unknown,4,Departed roadway,2,A2-Single Driver-Right Roadside Departure-Control/Traction Loss
37,North Carolina,371520,1,1,7,July,16,16,2,2:00am-2:59am,14,14,33,Curb,0,The First Harmful Event was Not a Collision with a Motor Vehicle in Transport,2,2,1,Motor Vehicle In-Transport (Inside or Outside the Trafficway),0,No,37,North Carolina,1,Driver (in this crash) was Registered Owner,1HD1KRP19NB6,1HD1KRP19NB6,2022,2022,3888,Harley-Davidson,12629,FLHXS / Street Glide Special,81,Motorcycle - Touring / Sport Touring,72,Harley-Davidson,706,80,Two Wheel Motorcycle (excluding motor scooters),0,Not Applicable,11,"Class 1: 6,000 lbs. or less (2,722 kg or less)",11,"Class 1: 6,000 lbs. or less (2,722 kg or less)",0,No Trailers,7.77778E+11,No Trailing Units,7.77778E+11,No Trailing Units,7.77778E+11,No Trailing Units,77,No Trailing Units,77,No Trailing Units,77,No Trailing Units,0,Not an Articulated Vehicle,0,Not Applicable,0,Not Applicable,0,Not Applicable,0,Not Applicable,0,Not Applicable (N/A),1,No,0,Not Applicable,0,Not Applicable,0,Not Applicable,0,Not Applicable,0,Not a Bus,0,No Special Use Noted,0,Not Applicable,25,025 MPH,7,Not Applicable,8,Not Applicable,8,Not Applicable,12,12 Clock Point,6,Disabling Damage,6,Towed,33,Curb,0,No or Not Reported,72706,Harley-Davidson 750cc or greater,1,H,D,1,K,R,P,1,9,N,B,6,1,1,Yes,1,Yes,37,North Carolina,27526,27526,1,Full Driver License,3,Expired,0,No (CDL),0,No Endorsements required for this vehicle,2,No valid license for this class vehicle,0,No Restrictions or Not Applicable,72,72,999,Unknown,1,1,0,,0,,1,1,1,1,0,,0,,3,March,2021,2021,5,May,2022,2022,0,No,3,"Two-Way,  Divided, Positive  Median Barrier",2,Two lanes,25,25 MPH,1,Straight,1,Level,2,"Blacktop, Bituminous, or Asphalt",1,Dry,0,No Controls,0,No Controls,1,Going Straight,12,Off the edge of the road on the left side,99,Unknown/Not Reported,9,Precrash stability unknown,4,Departed roadway,7,B7-Single Driver-Left Roadside Departure-Control/Traction Loss
37,North Carolina,371523,1,2,9,September,24,24,19,7:00pm-7:59pm,50,50,12,Motor Vehicle In-Transport,6,Angle,2,2,1,Motor Vehicle In-Transport (Inside or Outside the Trafficway),0,No,37,North Carolina,1,Driver (in this crash) was Registered Owner,MLHJC7511L52,MLHJC7511L52,2020,2020,474,Honda,11875,MSX125 (Grom),80,Motorcycle - Sport,37,Honda,703,80,Two Wheel Motorcycle (excluding motor scooters),0,Not Applicable,11,"Class 1: 6,000 lbs. or less (2,722 kg or less)",11,"Class 1: 6,000 lbs. or less (2,722 kg or less)",0,No Trailers,7.77778E+11,No Trailing Units,7.77778E+11,No Trailing Units,7.77778E+11,No Trailing Units,77,No Trailing Units,77,No Trailing Units,77,No Trailing Units,0,Not an Articulated Vehicle,0,Not Applicable,0,Not Applicable,0,Not Applicable,0,Not Applicable,0,Not Applicable (N/A),1,No,0,Not Applicable,0,Not Applicable,0,Not Applicable,0,Not Applicable,0,Not a Bus,0,No Special Use Noted,0,Not Applicable,20,020 MPH,7,Not Applicable,8,Not Applicable,8,Not Applicable,12,12 Clock Point,6,Disabling Damage,6,Towed,12,Motor Vehicle In-Transport,0,No or Not Reported,37703,Honda 125-349 cc,M,L,H,J,C,7,5,1,1,L,5,2,1,0,No,1,Yes,37,North Carolina,28730,28730,1,Full Driver License,6,Valid,0,No (CDL),0,No Endorsements required for this vehicle,3,Valid license for this class vehicle,0,No Restrictions or Not Applicable,76,76,999,Unknown,0,,0,,0,,0,,0,,0,,1,1,6,June,2021,2021,6,June,2021,2021,0,No,5,"Two-Way, Not Divided With a Continuous Left-Turn Lane",5,Five lanes,45,45 MPH,1,Straight,1,Level,2,"Blacktop, Bituminous, or Asphalt",1,Dry,3,Traffic control signal(on colors) not known whether or not Pedestrian Signal,3,Device Functioning Properly,1,Going Straight,17,Crossing Over (Passing Through) Junction,99,Unknown/Not Reported,1,Tracking,1,Stayed in original travel lane,69,"J69-Changing Trafficway, Vehicle Turning-Turn Across Path-Initial Opposite Directions (Going Straight)"
37,North Carolina,371525,1,2,9,September,13,13,23,11:00pm-11:59pm,3,3,8,Pedestrian,0,The First Harmful Event was Not a Collision with a Motor Vehicle in Transport,0,,1,Motor Vehicle In-Transport (Inside or Outside the Trafficway),0,No,37,North Carolina,6,Driverless/Motor Vehicle Parked/Stopped Off Roadway,JS1EM13B4R71,JS1EM13B4R71,2024,2024,509,Suzuki,33295,GSX-8R,98,Motorcycle - Street,53,Suzuki,706,80,Two Wheel Motorcycle (excluding motor scooters),0,Not Applicable,11,"Class 1: 6,000 lbs. or less (2,722 kg or less)",11,"Class 1: 6,000 lbs. or less (2,722 kg or less)",0,No Trailers,7.77778E+11,No Trailing Units,7.77778E+11,No Trailing Units,7.77778E+11,No Trailing Units,77,No Trailing Units,77,No Trailing Units,77,No Trailing Units,0,Not an Articulated Vehicle,0,Not Applicable,0,Not Applicable,0,Not Applicable,0,Not Applicable,0,Not Applicable (N/A),1,No,0,Not Applicable,0,Not Applicable,0,Not Applicable,0,Not Applicable,0,Not a Bus,0,No Special Use Noted,0,Not Applicable,0,Stopped Motor Vehicle In-Transport,7,Not Applicable,8,Not Applicable,8,Not Applicable,6,6 Clock Point,6,Disabling Damage,6,Towed,12,Motor Vehicle In-Transport,0,No or Not Reported,53706,Suzuki 750cc-over,J,S,1,E,M,1,3,B,4,R,7,1,0,0,No,0,No Driver Present/Not Applicable,0,No Driver Present/Unknown if Driver Present,99997,No Driver Present/Unknown if Driver Present,6,No Driver Present/Unknown if Driver Present,7,No Driver Present/Unknown if Driver Present,97,No Driver Present/Unknown if Driver Present,7,No Driver Present/Unknown if Driver Present,6,No Driver Present/Unknown if Driver Present,7,No Driver Present/Unknown if Driver Present,998,Other,997,No Driver Present/Unknown if Driver Present,998,No Driver Present/Unknown if Driver Present,998,No Driver Present/Unknown if Driver Present,998,No Driver Present/Unknown if Driver Present,998,No Driver Present/Unknown if Driver Present,998,No Driver Present/Unknown if Driver Present,998,No Driver Present/Unknown if Driver Present,998,No Driver Present/Unknown if Driver Present,98,No Driver Present/Unknown if Driver Present,9998,No Driver Present/Unknown if Driver Present,98,No Driver Present/Unknown if Driver Present,9998,No Driver Present/Unknown if Driver Present,8,No Driver Present/Unknown if Driver Present,3,"Two-Way,  Divided, Positive  Median Barrier",4,Four lanes,55,55 MPH,1,Straight,1,Level,2,"Blacktop, Bituminous, or Asphalt",2,Wet,3,Traffic control signal(on colors) not known whether or not Pedestrian Signal,3,Device Functioning Properly,0,No Driver Present / Unknown if Driver Present,53,Traveling in same direction with higher speed,0,No Driver Present / Unknown if Driver Present,0,No Driver Present / Unknown if Driver Present,0,No Driver Present / Unknown if Driver Present,98,M98-Other Crash Type
37,North Carolina,371532,2,2,10,October,27,27,14,2:00pm-2:59pm,5,5,12,Motor Vehicle In-Transport,1,Front-to-Rear,1,1,1,Motor Vehicle In-Transport (Inside or Outside the Trafficway),0,No,37,North Carolina,1,Driver (in this crash) was Registered Owner,1HD1GGL15TY3,1HD1GGL15TY3,1996,1996,3888,Harley-Davidson,11581,FXDS Conv,82,Motorcycle - Cruiser,72,Harley-Davidson,706,80,Two Wheel Motorcycle (excluding motor scooters),0,Not Applicable,11,"Class 1: 6,000 lbs. or less (2,722 kg or less)",11,"Class 1: 6,000 lbs. or less (2,722 kg or less)",0,No Trailers,7.77778E+11,No Trailing Units,7.77778E+11,No Trailing Units,7.77778E+11,No Trailing Units,77,No Trailing Units,77,No Trailing Units,77,No Trailing Units,0,Not an Articulated Vehicle,0,Not Applicable,0,Not Applicable,0,Not Applicable,0,Not Applicable,0,Not Applicable (N/A),1,No,0,Not Applicable,0,Not Applicable,0,Not Applicable,0,Not Applicable,0,Not a Bus,0,No Special Use Noted,0,Not Applicable,35,035 MPH,7,Not Applicable,8,Not Applicable,8,Not Applicable,12,12 Clock Point,6,Disabling Damage,6,Towed,12,Motor Vehicle In-Transport,0,No or Not Reported,72706,Harley-Davidson 750cc or greater,1,H,D,1,G,G,L,1,5,T,Y,3,1,0,No,1,Yes,37,North Carolina,27530,27530,1,Full Driver License,6,Valid,0,No (CDL),0,No Endorsements required for this vehicle,3,Valid license for this class vehicle,2,Restrictions Not Complied With,75,75,999,Unknown,0,,0,,0,,0,,0,,0,,1,1,10,October,2023,2023,10,October,2023,2023,0,No,1,"Two-Way, Not Divided",2,Two lanes,35,35 MPH,1,Straight,1,Level,2,"Blacktop, Bituminous, or Asphalt",1,Dry,0,No Controls,0,No Controls,1,Going Straight,51,Traveling in same direction with lower steady speed,9,Braking and steering right,1,Tracking,1,Stayed in original travel lane,24,"D24-Same Trafficway, Same Direction-Rear End-Slower"