STATE,STATENAME,ST_CASE,VEH_NO,VE_FORMS,MONTH,MONTHNAME,DAY,DAYNAME,HOUR,HOURNAME,MINUTE,MINUTENAME,HARM_EV,HARM_EVNAME,MAN_COLL,MAN_COLLNAME,NUMOCCS,NUMOCCSNAME,UNITTYPE,UNITTYPENAME,HIT_RUN,HIT_RUNNAME,REG_STAT,REG_STATNAME,OWNER,OWNERNAME,VIN,VINNAME,MOD_YEAR,MOD_YEARNAME,VPICMAKE,VPICMAKENAME,VPICMODEL,VPICMODELNAME,VPICBODYCLASS,VPICBODYCLASSNAME,MAKE,MAKENAME,MODEL,BODY_TYP,BODY_TYPNAME,ICFINALBODY,ICFINALBODYNAME,GVWR_FROM,GVWR_FROMNAME,GVWR_TO,GVWR_TONAME,TOW_VEH,TOW_VEHNAME,TRLR1VIN,TRLR1VINNAME,TRLR2VIN,TRLR2VINNAME,TRLR3VIN,TRLR3VINNAME,TRLR1GVWR,TRLR1GVWRNAME,TRLR2GVWR,TRLR2GVWRNAME,TRLR3GVWR,TRLR3GVWRNAME,J_KNIFE,J_KNIFENAME,MCARR_ID,MCARR_IDNAME,MCARR_I1,MCARR_I1NAME,MCARR_I2,MCARR_I2NAME,V_CONFIG,V_CONFIGNAME,CARGO_BT,CARGO_BTNAME,HAZ_INV,HAZ_INVNAME,HAZ_PLAC,HAZ_PLACNAME,HAZ_ID,HAZ_IDNAME,HAZ_CNO,HAZ_CNONAME,HAZ_REL,HAZ_RELNAME,BUS_USE,BUS_USENAME,SPEC_USE,SPEC_USENAME,EMER_USE,EMER_USENAME,TRAV_SP,TRAV_SPNAME,UNDEROVERRIDE,UNDEROVERRIDENAME,ROLLOVER,ROLLOVERNAME,ROLINLOC,ROLINLOCNAME,IMPACT1,IMPACT1NAME,DEFORMED,DEFORMEDNAME,TOWED,TOWEDNAME,M_HARM,M_HARMNAME,FIRE_EXP,FIRE_EXPNAME,MAK_MOD,MAK_MODNAME,VIN_1,VIN_2,VIN_3,VIN_4,VIN_5,VIN_6,VIN_7,VIN_8,VIN_9,VIN_10,VIN_11,VIN_12,DEATHS,DR_DRINK,DR_DRINKNAME,DR_PRES,DR_PRESNAME,L_STATE,L_STATENAME,DR_ZIP,DR_ZIPNAME,L_TYPE,L_TYPENAME,L_STATUS,L_STATUSNAME,CDL_STAT,CDL_STATNAME,L_ENDORS,L_ENDORSNAME,L_COMPL,L_COMPLNAME,L_RESTRI,L_RESTRINAME,DR_HGT,DR_HGTNAME,DR_WGT,DR_WGTNAME,PREV_ACC,PREV_ACCNAME,PREV_SUS1,PREV_SUS1NAME,PREV_SUS2,PREV_SUS2NAME,PREV_SUS3,PREV_SUS3NAME,PREV_DWI,PREV_DWINAME,PREV_SPD,PREV_SPDNAME,PREV_OTH,PREV_OTHNAME,FIRST_MO,FIRST_MONAME,FIRST_YR,FIRST_YRNAME,LAST_MO,LAST_MONAME,LAST_YR,LAST_YRNAME,SPEEDREL,SPEEDRELNAME,VTRAFWAY,VTRAFWAYNAME,VNUM_LAN,VNUM_LANNAME,VSPD_LIM,VSPD_LIMNAME,VALIGN,VALIGNNAME,VPROFILE,VPROFILENAME,VPAVETYP,VPAVETYPNAME,VSURCOND,VSURCONDNAME,VTRAFCON,VTRAFCONNAME,VTCONT_F,VTCONT_FNAME,P_CRASH1,P_CRASH1NAME,P_CRASH2,P_CRASH2NAME,P_CRASH3,P_CRASH3NAME,PCRASH4,PCRASH4NAME,PCRASH5,PCRASH5NAME,ACC_TYPE,ACC_TYPENAME
45,South Carolina,450104,1,1,2,February,19,19,19,7:00pm-7:59pm,10,10,14,Parked Motor Vehicle,0,The First Harmful Event was Not a Collision with a Motor Vehicle in Transport,1,1,1,Motor Vehicle In-Transport (Inside or Outside the Trafficway),0,No,45,South Carolina,1,Driver (in this crash) was Registered Owner,1HD1HDZ166K8,1HD1HDZ166K8,2006,2006,3888,Harley-Davidson,11203,Night Rod,94,Motorcycle - Custom,72,Harley-Davidson,706,80,Two Wheel Motorcycle (excluding motor scooters),0,Not Applicable,11,"Class 1: 6,000 lbs. or less (2,722 kg or less)",11,"Class 1: 6,000 lbs. or less (2,722 kg or less)",0,No Trailers,7.77778E+11,No Trailing Units,7.77778E+11,No Trailing Units,7.77778E+11,No Trailing Units,77,No Trailing Units,77,No Trailing Units,77,No Trailing Units,0,Not an Articulated Vehicle,0,Not Applicable,0,Not Applicable,0,Not Applicable,0,Not Applicable,0,Not Applicable (N/A),1,No,0,Not Applicable,0,Not Applicable,0,Not Applicable,0,Not Applicable,0,Not a Bus,0,No Special Use Noted,0,Not Applicable,45,045 MPH,7,Not Applicable,8,Not Applicable,8,Not Applicable,12,12 Clock Point,6,Disabling Damage,6,Towed,14,Parked Motor Vehicle,0,No or Not Reported,72706,Harley-Davidson 750cc or greater,1,H,D,1,H,D,Z,1,6,6,K,8,1,1,Yes,1,Yes,45,South Carolina,29566,29566,1,Full Driver License,6,Valid,0,No (CDL),0,No Endorsements required for this vehicle,3,Valid license for this class vehicle,0,No Restrictions or Not Applicable,68,68,175,175 lbs.,0,,0,,0,,0,,0,,1,1,1,1,10,October,2019,2019,10,October,2022,2022,0,No,1,"Two-Way, Not Divided",2,Two lanes,30,30 MPH,1,Straight,1,Level,2,"Blacktop, Bituminous, or Asphalt",1,Dry,97,Not Reported,8,Not Reported,1,Going Straight,50,Other vehicle stopped,99,Unknown/Not Reported,1,Tracking,1,Stayed in original travel lane,98,M98-Other Crash Type
45,South Carolina,450112,1,2,2,February,24,24,21,9:00pm-9:59pm,50,50,31,"Post, Pole or Other Supports",0,The First Harmful Event was Not a Collision with a Motor Vehicle in Transport,1,1,1,Motor Vehicle In-Transport (Inside or Outside the Trafficway),0,No,45,South Carolina,1,Driver (in this crash) was Registered Owner,JS1GN7EAX821,JS1GN7EAX821,2008,2008,509,Suzuki,13162,GSX-R600,80,Motorcycle - Sport,53,Suzuki,705,80,Two Wheel Motorcycle (excluding motor scooters),0,Not Applicable,11,"Class 1: 6,000 lbs. or less (2,722 kg or less)",11,"Class 1: 6,000 lbs. or less (2,722 kg or less)",0,No Trailers,7.77778E+11,No Trailing Units,7.77778E+11,No Trailing Units,7.77778E+11,No Trailing Units,77,No Trailing Units,77,No Trailing Units,77,No Trailing Units,0,Not an Articulated Vehicle,0,Not Applicable,0,Not Applicable,0,Not Applicable,0,Not Applicable,0,Not Applicable (N/A),1,No,0,Not Applicable,0,Not Applicable,0,Not Applicable,0,Not Applicable,0,Not a Bus,0,No Special Use Noted,0,Not Applicable,90,090 MPH,7,Not Applicable,8,Not Applicable,8,Not Applicable,12,12 Clock Point,6,Disabling Damage,6,Towed,31,"Post, Pole or Other Supports",0,No or Not Reported,53705,Suzuki 450-749cc,J,S,1,G,N,7,E,A,X,8,2,1,1,1,Yes,1,Yes,48,Texas,29445,29445,1,Full Driver License,6,Valid,0,No (CDL),0,No Endorsements required for this vehicle,3,Valid license for this class vehicle,3,"Restrictions, Compliance Unknown",999,Unknown,999,Unknown,0,,0,,0,,0,,0,,0,,0,,0,No Record,0,No Record,0,No Record,0,No Record,3,"Yes, Exceeded Speed Limit",2,"Two-Way, Divided, Unprotected Median",4,Four lanes,50,50 MPH,4,Curve - Unknown Direction,1,Level,2,"Blacktop, Bituminous, or Asphalt",1,Dry,97,Not Reported,8,Not Reported,14,Negotiating a Curve,13,Off the edge of the road on the right side,99,Unknown/Not Reported,1,Tracking,4,Departed roadway,98,M98-Other Crash Type
45,South Carolina,450113,1,1,2,February,24,24,20,8:00pm-8:59pm,15,15,32,Culvert,0,The First Harmful Event was Not a Collision with a Motor Vehicle in Transport,1,1,1,Motor Vehicle In-Transport (Inside or Outside the Trafficway),0,No,45,South Carolina,1,Driver (in this crash) was Registered Owner,1HD1KZF12MB6,1HD1KZF12MB6,2021,2021,3888,Harley-Davidson,27273,FLTRK / Road Glide Limited,81,Motorcycle - Touring / Sport Touring,72,Harley-Davidson,706,80,Two Wheel Motorcycle (excluding motor scooters),0,Not Applicable,11,"Class 1: 6,000 lbs. or less (2,722 kg or less)",11,"Class 1: 6,000 lbs. or less (2,722 kg or less)",0,No Trailers,7.77778E+11,No Trailing Units,7.77778E+11,No Trailing Units,7.77778E+11,No Trailing Units,77,No Trailing Units,77,No Trailing Units,77,No Trailing Units,0,Not an Articulated Vehicle,0,Not Applicable,0,Not Applicable,0,Not Applicable,0,Not Applicable,0,Not Applicable (N/A),1,No,0,Not Applicable,0,Not Applicable,0,Not Applicable,0,Not Applicable,0,Not a Bus,0,No Special Use Noted,0,Not Applicable,45,045 MPH,7,Not Applicable,8,Not Applicable,8,Not Applicable,12,12 Clock Point,6,Disabling Damage,6,Towed,32,Culvert,0,No or Not Reported,72706,Harley-Davidson 750cc or greater,1,H,D,1,K,Z,F,1,2,M,B,6,1,1,Yes,1,Yes,45,South Carolina,29072,29072,1,Full Driver License,6,Valid,6,Valid,3,"Endorsement(s) Required, Compliance Unknown",3,Valid license for this class vehicle,0,No Restrictions or Not Applicable,75,75,300,300 lbs.,0,,0,,0,,0,,0,,0,,1,1,2,February,2021,2021,2,February,2021,2021,0,No,1,"Two-Way, Not Divided",2,Two lanes,35,35 MPH,2,Curve Right,2,"Grade, Unknown Slope",2,"Blacktop, Bituminous, or Asphalt",1,Dry,97,Not Reported,8,Not Reported,14,Negotiating a Curve,12,Off the edge of the road on the left side,99,Unknown/Not Reported,1,Tracking,4,Departed roadway,6,B6-Single Driver-Left Roadside Departure-Drive Off Road
45,South Carolina,450121,2,2,2,February,26,26,20,8:00pm-8:59pm,30,30,12,Motor Vehicle In-Transport,1,Front-to-Rear,1,1,1,Motor Vehicle In-Transport (Inside or Outside the Trafficway),0,No,45,South Carolina,1,Driver (in this crash) was Registered Owner,0,"No VIN Required, Not a Vehicle for Road Use",9999,Unknown,99997,Other,99997,Other,12,Motorcycle - Scooter,98,Other Make,707,84,Motor Scooter,0,Not Applicable,11,"Class 1: 6,000 lbs. or less (2,722 kg or less)",11,"Class 1: 6,000 lbs. or less (2,722 kg or less)",0,No Trailers,7.77778E+11,No Trailing Units,7.77778E+11,No Trailing Units,7.77778E+11,No Trailing Units,77,No Trailing Units,77,No Trailing Units,77,No Trailing Units,0,Not an Articulated Vehicle,0,Not Applicable,0,Not Applicable,0,Not Applicable,0,Not Applicable,0,Not Applicable (N/A),1,No,0,Not Applicable,0,Not Applicable,0,Not Applicable,0,Not Applicable,0,Not a Bus,0,No Special Use Noted,0,Not Applicable,2,002 MPH,7,Not Applicable,8,Not Applicable,8,Not Applicable,6,6 Clock Point,6,Disabling Damage,6,Towed,12,Motor Vehicle In-Transport,0,No or Not Reported,98707,Other Make Electric Motorcycle,0,0,0,0,0,0,0,0,0,0,0,0,1,0,No,1,Yes,45,South Carolina,29829,29829,1,Full Driver License,1,Suspended,0,No (CDL),0,No Endorsements required for this vehicle,2,No valid license for this class vehicle,0,No Restrictions or Not Applicable,72,72,180,180 lbs.,0,,0,,0,,3,3,0,,0,,0,,2,February,2019,2019,9,September,2019,2019,0,No,1,"Two-Way, Not Divided",2,Two lanes,45,45 MPH,1,Straight,1,Level,2,"Blacktop, Bituminous, or Asphalt",1,Dry,97,Not Reported,8,Not Reported,1,Going Straight,53,Traveling in same direction with higher speed,99,Unknown/Not Reported,1,Tracking,1,Stayed in original travel lane,25,"D25-Same Trafficway, Same Direction-Rear End-Slower, Going Straight"
45,South Carolina,450128,1,1,2,February,29,29,15,3:00pm-3:59pm,48,48,1,Rollover/Overturn,0,The First Harmful Event was Not a Collision with a Motor Vehicle in Transport,1,1,1,Motor Vehicle In-Transport (Inside or Outside the Trafficway),0,No,54,West Virginia,1,Driver (in this crash) was Registered Owner,1HD1FF41X8Y6,1HD1FF41X8Y6,2008,2008,3888,Harley-Davidson,11137,Electra Glide Classic,81,Motorcycle - Touring / Sport Touring,72,Harley-Davidson,706,80,Two Wheel Motorcycle (excluding motor scooters),0,Not Applicable,11,"Class 1: 6,000 lbs. or less (2,722 kg or less)",11,"Class 1: 6,000 lbs. or less (2,722 kg or less)",0,No Trailers,7.77778E+11,No Trailing Units,7.77778E+11,No Trailing Units,7.77778E+11,No Trailing Units,77,No Trailing Units,77,No Trailing Units,77,No Trailing Units,0,Not an Articulated Vehicle,0,Not Applicable,0,Not Applicable,0,Not Applicable,0,Not Applicable,0,Not Applicable (N/A),1,No,0,Not Applicable,0,Not Applicable,0,Not Applicable,0,Not Applicable,0,Not a Bus,0,No Special Use Noted,0,Not Applicable,70,070 MPH,7,Not Applicable,8,Not Applicable,8,Not Applicable,0,Non-Collision,6,Disabling Damage,6,Towed,35,Embankment,0,No or Not Reported,72706,Harley-Davidson 750cc or greater,1,H,D,1,F,F,4,1,X,8,Y,6,1,1,Yes,1,Yes,54,West Virginia,25520,25520,1,Full Driver License,6,Valid,0,No (CDL),0,No Endorsements required for this vehicle,3,Valid license for this class vehicle,0,No Restrictions or Not Applicable,999,Unknown,999,Unknown,0,,0,,0,,1,1,0,,0,,1,1,12,December,2022,2022,9,September,2023,2023,4,"Yes, Too Fast for Conditions",3,"Two-Way,  Divided, Positive  Median Barrier",2,Two lanes,70,70 MPH,1,Straight,1,Level,2,"Blacktop, Bituminous, or Asphalt",1,Dry,97,Not Reported,8,Not Reported,1,Going Straight,13,Off the edge of the road on the right side,99,Unknown/Not Reported,1,Tracking,4,Departed roadway,1,A1-Single Driver-Right Roadside Departure-Drive Off Road
45,South Carolina,450137,1,2,3,March,5,5,16,4:00pm-4:59pm,46,46,12,Motor Vehicle In-Transport,6,Angle,1,1,1,Motor Vehicle In-Transport (Inside or Outside the Trafficway),0,No,45,South Carolina,1,Driver (in this crash) was Registered Owner,BB2NCB1EB525,BB2NCB1EB525,2015,2015,99999,Unknown,99999,Unknown,104,Motorcycle - Moped,99,Unknown Make,709,81,Moped,0,Not Applicable,11,"Class 1: 6,000 lbs. or less (2,722 kg or less)",11,"Class 1: 6,000 lbs. or less (2,722 kg or less)",0,No Trailers,7.77778E+11,No Trailing Units,7.77778E+11,No Trailing Units,7.77778E+11,No Trailing Units,77,No Trailing Units,77,No Trailing Units,77,No Trailing Units,0,Not an Articulated Vehicle,0,Not Applicable,0,Not Applicable,0,Not Applicable,0,Not Applicable,0,Not Applicable (N/A),1,No,0,Not Applicable,0,Not Applicable,0,Not Applicable,0,Not Applicable,0,Not a Bus,0,No Special Use Noted,0,Not Applicable,15,015 MPH,7,Not Applicable,8,Not Applicable,8,Not Applicable,3,3 Clock Point,6,Disabling Damage,6,Towed,12,Motor Vehicle In-Transport,0,No or Not Reported,99709,Unknown Make Unknown cc,B,B,2,N,C,B,1,E,B,5,2,5,1,0,No,1,Yes,45,South Carolina,29588,29588,1,Full Driver License,1,Suspended,0,No (CDL),0,No Endorsements required for this vehicle,2,No valid license for this class vehicle,0,No Restrictions or Not Applicable,68,68,150,150 lbs.,0,,0,,0,,0,,0,,0,,0,,0,No Record,0,No Record,0,No Record,0,No Record,0,No,5,"Two-Way, Not Divided With a Continuous Left-Turn Lane",5,Five lanes,40,40 MPH,1,Straight,1,Level,2,"Blacktop, Bituminous, or Asphalt",1,Dry,20,Stop Sign,3,Device Functioning Properly,1,Going Straight,17,Crossing Over (Passing Through) Junction,99,Unknown/Not Reported,1,Tracking,1,Stayed in original travel lane,87,L87-Intersecting Paths-Straight Paths-Struck on the Right
45,South Carolina,450140,2,2,3,March,6,6,6,6:00am-6:59am,40,40,12,Motor Vehicle In-Transport,6,Angle,2,2,1,Motor Vehicle In-Transport (Inside or Outside the Trafficway),0,No,45,South Carolina,1,Driver (in this crash) was Registered Owner,L37MMGFT5NZ0,L37MMGFT5NZ0,2022,2022,1811,DAIX,29233,PMZ50-16;PMZ50-17;PMZ50-4J;PMZ50-M1;PMZ50-M3;PMZ150-10;PMZ150- 11;PMZ150-15;PMZ150-17;PMZ150-3C,12,Motorcycle - Scooter,98,Other Make,701,84,Motor Scooter,0,Not Applicable,11,"Class 1: 6,000 lbs. or less (2,722 kg or less)",11,"Class 1: 6,000 lbs. or less (2,722 kg or less)",0,No Trailers,7.77778E+11,No Trailing Units,7.77778E+11,No Trailing Units,7.77778E+11,No Trailing Units,77,No Trailing Units,77,No Trailing Units,77,No Trailing Units,0,Not an Articulated Vehicle,0,Not Applicable,0,Not Applicable,0,Not Applicable,0,Not Applicable,0,Not Applicable (N/A),1,No,0,Not Applicable,0,Not Applicable,0,Not Applicable,0,Not Applicable,0,Not a Bus,0,No Special Use Noted,0,Not Applicable,25,025 MPH,7,Not Applicable,8,Not Applicable,8,Not Applicable,12,12 Clock Point,6,Disabling Damage,6,Towed,12,Motor Vehicle In-Transport,0,No or Not Reported,98701,Other Make 0-50cc,L,3,7,M,M,G,F,T,5,N,Z,0,1,0,No,1,Yes,45,South Carolina,29582,29582,1,Full Driver License,1,Suspended,0,No (CDL),0,No Endorsements required for this vehicle,2,No valid license for this class vehicle,3,"Restrictions, Compliance Unknown",62,62,230,230 lbs.,0,,0,,0,,1,1,0,,1,1,0,,8,August,2023,2023,9,September,2023,2023,0,No,2,"Two-Way, Divided, Unprotected Median",3,Three lanes,40,40 MPH,1,Straight,1,Level,2,"Blacktop, Bituminous, or Asphalt",2,Wet,97,Not Reported,8,Not Reported,1,Going Straight,66,"From crossing street, across path",99,Unknown/Not Reported,1,Tracking,1,Stayed in original travel lane,83,"K83-Changing Trafficway, Vehicle Turning-Turn Into Path-Turn Into Opposite Directions (Going Straight)"
45,South Carolina,450142,1,2,3,March,8,8,19,7:00pm-7:59pm,19,19,12,Motor Vehicle In-Transport,6,Angle,1,1,1,Motor Vehicle In-Transport (Inside or Outside the Trafficway),0,No,13,Georgia,2,Driver (in this crash) Not Registered Owner (Other Private Owner Listed),JS1GW71A7X21,JS1GW71A7X21,1999,1999,509,Suzuki,2123,GSX1300R,98,Motorcycle - Street,53,Suzuki,706,80,Two Wheel Motorcycle (excluding motor scooters),0,Not Applicable,11,"Class 1: 6,000 lbs. or less (2,722 kg or less)",11,"Class 1: 6,000 lbs. or less (2,722 kg or less)",0,No Trailers,7.77778E+11,No Trailing Units,7.77778E+11,No Trailing Units,7.77778E+11,No Trailing Units,77,No Trailing Units,77,No Trailing Units,77,No Trailing Units,0,Not an Articulated Vehicle,0,Not Applicable,0,Not Applicable,0,Not Applicable,0,Not Applicable,0,Not Applicable (N/A),1,No,0,Not Applicable,0,Not Applicable,0,Not Applicable,0,Not Applicable,0,Not a Bus,0,No Special Use Noted,0,Not Applicable,93,093 MPH,7,Not Applicable,8,Not Applicable,8,Not Applicable,12,12 Clock Point,6,Disabling Damage,6,Towed,12,Motor Vehicle In-Transport,0,No or Not Reported,53706,Suzuki 750cc-over,J,S,1,G,W,7,1,A,7,X,2,1,1,0,No,1,Yes,45,South Carolina,29617,29617,1,Full Driver License,1,Suspended,0,No (CDL),0,No Endorsements required for this vehicle,2,No valid license for this class vehicle,0,No Restrictions or Not Applicable,72,72,160,160 lbs.,0,,0,,0,,9,9,0,,0,,0,,2,February,2020,2020,2,February,2023,2023,3,"Yes, Exceeded Speed Limit",2,"Two-Way, Divided, Unprotected Median",2,Two lanes,40,40 MPH,1,Straight,1,Level,2,"Blacktop, Bituminous, or Asphalt",1,Dry,97,Not Reported,8,Not Reported,1,Going Straight,17,Crossing Over (Passing Through) Junction,99,Unknown/Not Reported,1,Tracking,1,Stayed in original travel lane,88,L88-Intersecting Paths-Straight Paths-Striking from the Left
45,South Carolina,450144,1,2,3,March,9,9,14,2:00pm-2:59pm,45,45,12,Motor Vehicle In-Transport,2,Front-to-Front,2,2,1,Motor Vehicle In-Transport (Inside or Outside the Trafficway),0,No,45,South Carolina,1,Driver (in this crash) was Registered Owner,1HD1FFM14CB6,1HD1FFM14CB6,2012,2012,3888,Harley-Davidson,11075,Electra Glide Classic 103,81,Motorcycle - Touring / Sport Touring,72,Harley-Davidson,706,80,Two Wheel Motorcycle (excluding motor scooters),0,Not Applicable,11,"Class 1: 6,000 lbs. or less (2,722 kg or less)",11,"Class 1: 6,000 lbs. or less (2,722 kg or less)",0,No Trailers,7.77778E+11,No Trailing Units,7.77778E+11,No Trailing Units,7.77778E+11,No Trailing Units,77,No Trailing Units,77,No Trailing Units,77,No Trailing Units,0,Not an Articulated Vehicle,0,Not Applicable,0,Not Applicable,0,Not Applicable,0,Not Applicable,0,Not Applicable (N/A),1,No,0,Not Applicable,0,Not Applicable,0,Not Applicable,0,Not Applicable,0,Not a Bus,0,No Special Use Noted,0,Not Applicable,55,055 MPH,7,Not Applicable,8,Not Applicable,8,Not Applicable,12,12 Clock Point,6,Disabling Damage,6,Towed,12,Motor Vehicle In-Transport,0,No or Not Reported,72706,Harley-Davidson 750cc or greater,1,H,D,1,F,F,M,1,4,C,B,6,1,0,No,1,Yes,45,South Carolina,29481,29481,1,Full Driver License,6,Valid,6,Valid,0,No Endorsements required for this vehicle,3,Valid license for this class vehicle,0,No Restrictions or Not Applicable,80,80,256,256 lbs.,0,,0,,0,,0,,0,,0,,0,,0,No Record,0,No Record,0,No Record,0,No Record,0,No,1,"Two-Way, Not Divided",2,Two lanes,55,55 MPH,1,Straight,1,Level,2,"Blacktop, Bituminous, or Asphalt",1,Dry,0,No Controls,0,No Controls,1,Going Straight,62,From opposite direction  over left lane line,99,Unknown/Not Reported,1,Tracking,1,Stayed in original travel lane,51,"G51-Same Trafficway, Opposite Direction-Head-On-Lateral Move (Going Straight)"
45,South Carolina,450148,1,1,3,March,10,10,22,10:00pm-10:59pm,55,55,52,Guardrail End,0,The First Harmful Event was Not a Collision with a Motor Vehicle in Transport,1,1,1,Motor Vehicle In-Transport (Inside or Outside the Trafficway),0,No,45,South Carolina,1,Driver (in this crash) was Registered Owner,JYARN66E0LA0,JYARN66E0LA0,2020,2020,564,Yamaha,3214,YZF-R1,80,Motorcycle - Sport,76,Yamaha,706,80,Two Wheel Motorcycle (excluding motor scooters),0,Not Applicable,11,"Class 1: 6,000 lbs. or less (2,722 kg or less)",11,"Class 1: 6,000 lbs. or less (2,722 kg or less)",0,No Trailers,7.77778E+11,No Trailing Units,7.77778E+11,No Trailing Units,7.77778E+11,No Trailing Units,77,No Trailing Units,77,No Trailing Units,77,No Trailing Units,0,Not an Articulated Vehicle,0,Not Applicable,0,Not Applicable,0,Not Applicable,0,Not Applicable,0,Not Applicable (N/A),1,No,0,Not Applicable,0,Not Applicable,0,Not Applicable,0,Not Applicable,0,Not a Bus,0,No Special Use Noted,0,Not Applicable,60,060 MPH,7,Not Applicable,8,Not Applicable,8,Not Applicable,3,3 Clock Point,4,Functional Damage,6,Towed,52,Guardrail End,0,No or Not Reported,76706,Yamaha 750cc or greater,J,Y,A,R,N,6,6,E,0,L,A,0,1,1,Yes,1,Yes,45,South Carolina,29456,29456,1,Full Driver License,6,Valid,0,No (CDL),0,No Endorsements required for this vehicle,3,Valid license for this class vehicle,0,No Restrictions or Not Applicable,69,69,155,155 lbs.,0,,0,,0,,1,1,0,,0,,0,,2,February,2022,2022,2,February,2022,2022,3,"Yes, Exceeded Speed Limit",6,Entrance/Exit Ramp,2,Two lanes,30,30 MPH,3,Curve Left,1,Level,1,Concrete,1,Dry,0,No Controls,0,No Controls,14,Negotiating a Curve,13,Off the edge of the road on the right side,99,Unknown/Not Reported,1,Tracking,4,Departed roadway,1,A1-Single Driver-Right Roadside Departure-Drive Off Road
45,South Carolina,450151,1,1,3,March,11,11,4,4:00am-4:59am,0,0,24,Guardrail Face,0,The First Harmful Event was Not a Collision with a Motor Vehicle in Transport,1,1,1,Motor Vehicle In-Transport (Inside or Outside the Trafficway),0,No,9,Connecticut,2,Driver (in this crash) Not Registered Owner (Other Private Owner Listed),JYARN48E3HA0,JYARN48E3HA0,2017,2017,564,Yamaha,24511,FZ-10,80,Motorcycle - Sport,76,Yamaha,706,80,Two Wheel Motorcycle (excluding motor scooters),0,Not Applicable,11,"Class 1: 6,000 lbs. or less (2,722 kg or less)",11,"Class 1: 6,000 lbs. or less (2,722 kg or less)",0,No Trailers,7.77778E+11,No Trailing Units,7.77778E+11,No Trailing Units,7.77778E+11,No Trailing Units,77,No Trailing Units,77,No Trailing Units,77,No Trailing Units,0,Not an Articulated Vehicle,0,Not Applicable,0,Not Applicable,0,Not Applicable,0,Not Applicable,0,Not Applicable (N/A),1,No,0,Not Applicable,0,Not Applicable,0,Not Applicable,0,Not Applicable,0,Not a Bus,0,No Special Use Noted,0,Not Applicable,90,090 MPH,7,Not Applicable,8,Not Applicable,8,Not Applicable,81,Right,6,Disabling Damage,6,Towed,24,Guardrail Face,0,No or Not Reported,76706,Yamaha 750cc or greater,J,Y,A,R,N,4,8,E,3,H,A,0,1,1,Yes,1,Yes,9,Connecticut,6351,6351,1,Full Driver License,6,Valid,0,No (CDL),0,No Endorsements required for this vehicle,3,Valid license for this class vehicle,0,No Restrictions or Not Applicable,74,74,999,Unknown,98,Crashes Not Reported on Driving Record,0,,0,,0,,0,,0,,0,,0,No Record,0,No Record,0,No Record,0,No Record,4,"Yes, Too Fast for Conditions",1,"Two-Way, Not Divided",2,Two lanes,55,55 MPH,3,Curve Left,2,"Grade, Unknown Slope",2,"Blacktop, Bituminous, or Asphalt",1,Dry,97,Not Reported,8,Not Reported,14,Negotiating a Curve,13,Off the edge of the road on the right side,99,Unknown/Not Reported,1,Tracking,4,Departed roadway,1,A1-Single Driver-Right Roadside Departure-Drive Off Road
45,South Carolina,450162,1,1,3,March,15,15,21,9:00pm-9:59pm,55,55,33,Curb,0,The First Harmful Event was Not a Collision with a Motor Vehicle in Transport,1,1,1,Motor Vehicle In-Transport (Inside or Outside the Trafficway),0,No,45,South Carolina,1,Driver (in this crash) was Registered Owner,JH2PC37046M3,JH2PC37046M3,2006,2006,474,Honda,14060,CBR600,80,Motorcycle - Sport,37,Honda,705,80,Two Wheel Motorcycle (excluding motor scooters),0,Not Applicable,11,"Class 1: 6,000 lbs. or less (2,722 kg or less)",11,"Class 1: 6,000 lbs. or less (2,722 kg or less)",0,No Trailers,7.77778E+11,No Trailing Units,7.77778E+11,No Trailing Units,7.77778E+11,No Trailing Units,77,No Trailing Units,77,No Trailing Units,77,No Trailing Units,0,Not an Articulated Vehicle,0,Not Applicable,0,Not Applicable,0,Not Applicable,0,Not Applicable,0,Not Applicable (N/A),1,No,0,Not Applicable,0,Not Applicable,0,Not Applicable,0,Not Applicable,0,Not a Bus,0,No Special Use Noted,0,Not Applicable,50,050 MPH,7,Not Applicable,8,Not Applicable,8,Not Applicable,12,12 Clock Point,4,Functional Damage,6,Towed,42,Tree (Standing Only),0,No or Not Reported,37705,Honda 450-749 cc,J,H,2,P,C,3,7,0,4,6,M,3,1,1,Yes,1,Yes,45,South Carolina,29464,29464,0,Not Licensed,0,Not licensed,0,No (CDL),0,No Endorsements required for this vehicle,0,Not licensed,0,No Restrictions or Not Applicable,999,Unknown,999,Unknown,0,,0,,0,,0,,0,,0,,0,,0,No Record,0,No Record,0,No Record,0,No Record,0,No,2,"Two-Way, Divided, Unprotected Median",2,Two lanes,35,35 MPH,4,Curve - Unknown Direction,1,Level,2,"Blacktop, Bituminous, or Asphalt",1,Dry,97,Not Reported,8,Not Reported,14,Negotiating a Curve,12,Off the edge of the road on the left side,99,Unknown/Not Reported,1,Tracking,4,Departed roadway,6,B6-Single Driver-Left Roadside Departure-Drive Off Road
45,South Carolina,450164,1,2,3,March,16,16,16,4:00pm-4:59pm,43,43,12,Motor Vehicle In-Transport,6,Angle,1,1,1,Motor Vehicle In-Transport (Inside or Outside the Trafficway),0,No,45,South Carolina,1,Driver (in this crash) was Registered Owner,1HD1DDV10XY6,1HD1DDV10XY6,1999,1999,3888,Harley-Davidson,25739,FLHT / Electra Glide Standard,81,Motorcycle - Touring / Sport Touring,72,Harley-Davidson,706,80,Two Wheel Motorcycle (excluding motor scooters),0,Not Applicable,11,"Class 1: 6,000 lbs. or less (2,722 kg or less)",11,"Class 1: 6,000 lbs. or less (2,722 kg or less)",0,No Trailers,7.77778E+11,No Trailing Units,7.77778E+11,No Trailing Units,7.77778E+11,No Trailing Units,77,No Trailing Units,77,No Trailing Units,77,No Trailing Units,0,Not an Articulated Vehicle,0,Not Applicable,0,Not Applicable,0,Not Applicable,0,Not Applicable,0,Not Applicable (N/A),1,No,0,Not Applicable,0,Not Applicable,0,Not Applicable,0,Not Applicable,0,Not a Bus,0,No Special Use Noted,0,Not Applicable,45,045 MPH,7,Not Applicable,8,Not Applicable,8,Not Applicable,12,12 Clock Point,6,Disabling Damage,6,Towed,12,Motor Vehicle In-Transport,0,No or Not Reported,72706,Harley-Davidson 750cc or greater,1,H,D,1,D,D,V,1,0,X,Y,6,1,0,No,1,Yes,45,South Carolina,29388,29388,1,Full Driver License,6,Valid,0,No (CDL),0,No Endorsements required for this vehicle,3,Valid license for this class vehicle,0,No Restrictions or Not Applicable,67,67,195,195 lbs.,0,,0,,0,,2,2,0,,1,1,0,,12,December,2019,2019,5,May,2021,2021,0,No,2,"Two-Way, Divided, Unprotected Median",2,Two lanes,45,45 MPH,1,Straight,1,Level,2,"Blacktop, Bituminous, or Asphalt",1,Dry,0,No Controls,0,No Controls,1,Going Straight,72,"From driveway, turning into opposite direction",99,Unknown/Not Reported,1,Tracking,1,Stayed in original travel lane,83,"K83-Changing Trafficway, Vehicle Turning-Turn Into Path-Turn Into Opposite Directions (Going Straight)"