STATE,STATENAME,ST_CASE,VEH_NO,VE_FORMS,MONTH,MONTHNAME,DAY,DAYNAME,HOUR,HOURNAME,MINUTE,MINUTENAME,HARM_EV,HARM_EVNAME,MAN_COLL,MAN_COLLNAME,NUMOCCS,NUMOCCSNAME,UNITTYPE,UNITTYPENAME,HIT_RUN,HIT_RUNNAME,REG_STAT,REG_STATNAME,OWNER,OWNERNAME,VIN,VINNAME,MOD_YEAR,MOD_YEARNAME,VPICMAKE,VPICMAKENAME,VPICMODEL,VPICMODELNAME,VPICBODYCLASS,VPICBODYCLASSNAME,MAKE,MAKENAME,MODEL,BODY_TYP,BODY_TYPNAME,ICFINALBODY,ICFINALBODYNAME,GVWR_FROM,GVWR_FROMNAME,GVWR_TO,GVWR_TONAME,TOW_VEH,TOW_VEHNAME,TRLR1VIN,TRLR1VINNAME,TRLR2VIN,TRLR2VINNAME,TRLR3VIN,TRLR3VINNAME,TRLR1GVWR,TRLR1GVWRNAME,TRLR2GVWR,TRLR2GVWRNAME,TRLR3GVWR,TRLR3GVWRNAME,J_KNIFE,J_KNIFENAME,MCARR_ID,MCARR_IDNAME,MCARR_I1,MCARR_I1NAME,MCARR_I2,MCARR_I2NAME,V_CONFIG,V_CONFIGNAME,CARGO_BT,CARGO_BTNAME,HAZ_INV,HAZ_INVNAME,HAZ_PLAC,HAZ_PLACNAME,HAZ_ID,HAZ_IDNAME,HAZ_CNO,HAZ_CNONAME,HAZ_REL,HAZ_RELNAME,BUS_USE,BUS_USENAME,SPEC_USE,SPEC_USENAME,EMER_USE,EMER_USENAME,TRAV_SP,TRAV_SPNAME,UNDEROVERRIDE,UNDEROVERRIDENAME,ROLLOVER,ROLLOVERNAME,ROLINLOC,ROLINLOCNAME,IMPACT1,IMPACT1NAME,DEFORMED,DEFORMEDNAME,TOWED,TOWEDNAME,M_HARM,M_HARMNAME,FIRE_EXP,FIRE_EXPNAME,MAK_MOD,MAK_MODNAME,VIN_1,VIN_2,VIN_3,VIN_4,VIN_5,VIN_6,VIN_7,VIN_8,VIN_9,VIN_10,VIN_11,VIN_12,DEATHS,DR_DRINK,DR_DRINKNAME,DR_PRES,DR_PRESNAME,L_STATE,L_STATENAME,DR_ZIP,DR_ZIPNAME,L_TYPE,L_TYPENAME,L_STATUS,L_STATUSNAME,CDL_STAT,CDL_STATNAME,L_ENDORS,L_ENDORSNAME,L_COMPL,L_COMPLNAME,L_RESTRI,L_RESTRINAME,DR_HGT,DR_HGTNAME,DR_WGT,DR_WGTNAME,PREV_ACC,PREV_ACCNAME,PREV_SUS1,PREV_SUS1NAME,PREV_SUS2,PREV_SUS2NAME,PREV_SUS3,PREV_SUS3NAME,PREV_DWI,PREV_DWINAME,PREV_SPD,PREV_SPDNAME,PREV_OTH,PREV_OTHNAME,FIRST_MO,FIRST_MONAME,FIRST_YR,FIRST_YRNAME,LAST_MO,LAST_MONAME,LAST_YR,LAST_YRNAME,SPEEDREL,SPEEDRELNAME,VTRAFWAY,VTRAFWAYNAME,VNUM_LAN,VNUM_LANNAME,VSPD_LIM,VSPD_LIMNAME,VALIGN,VALIGNNAME,VPROFILE,VPROFILENAME,VPAVETYP,VPAVETYPNAME,VSURCOND,VSURCONDNAME,VTRAFCON,VTRAFCONNAME,VTCONT_F,VTCONT_FNAME,P_CRASH1,P_CRASH1NAME,P_CRASH2,P_CRASH2NAME,P_CRASH3,P_CRASH3NAME,PCRASH4,PCRASH4NAME,PCRASH5,PCRASH5NAME,ACC_TYPE,ACC_TYPENAME
48,Texas,483703,1,2,12,December,23,23,13,1:00pm-1:59pm,46,46,12,Motor Vehicle In-Transport,6,Angle,1,1,1,Motor Vehicle In-Transport (Inside or Outside the Trafficway),0,No,0,Not Applicable,0,"Not Applicable, Vehicle Not Registered",JH2ME0308LM2,JH2ME0308LM2,1990,1990,474,Honda,10960,CR250,84,Off-road Vehicle - Dirt Bike / Off-Road,37,Honda,703,83,Off-road Motorcycle,0,Not Applicable,11,"Class 1: 6,000 lbs. or less (2,722 kg or less)",11,"Class 1: 6,000 lbs. or less (2,722 kg or less)",0,No Trailers,7.77778E+11,No Trailing Units,7.77778E+11,No Trailing Units,7.77778E+11,No Trailing Units,77,No Trailing Units,77,No Trailing Units,77,No Trailing Units,0,Not an Articulated Vehicle,0,Not Applicable,0,Not Applicable,0,Not Applicable,0,Not Applicable,0,Not Applicable (N/A),1,No,0,Not Applicable,0,Not Applicable,0,Not Applicable,0,Not Applicable,0,Not a Bus,0,No Special Use Noted,0,Not Applicable,998,Not Reported,7,Not Applicable,8,Not Applicable,8,Not Applicable,12,12 Clock Point,7,"Damage Reported, Extent Unknown",8,Not Reported,12,Motor Vehicle In-Transport,0,No or Not Reported,37703,Honda 125-349 cc,J,H,2,M,E,0,3,0,8,L,M,2,1,0,No,1,Yes,48,Texas,77562,77562,2,Intermediate Driver License,6,Valid,0,No (CDL),0,No Endorsements required for this vehicle,2,No valid license for this class vehicle,0,No Restrictions or Not Applicable,999,Unknown,999,Unknown,0,,0,,0,,0,,0,,0,,0,,0,No Record,0,No Record,0,No Record,0,No Record,0,No,1,"Two-Way, Not Divided",4,Four lanes,40,40 MPH,1,Straight,1,Level,8,Not Reported,1,Dry,0,No Controls,0,No Controls,6,Passing or Overtaking Another Vehicle,62,From opposite direction  over left lane line,99,Unknown/Not Reported,1,Tracking,1,Stayed in original travel lane,69,"J69-Changing Trafficway, Vehicle Turning-Turn Across Path-Initial Opposite Directions (Going Straight)"
48,Texas,483709,1,1,12,December,25,25,19,7:00pm-7:59pm,51,51,11,Live Animal,0,The First Harmful Event was Not a Collision with a Motor Vehicle in Transport,1,1,1,Motor Vehicle In-Transport (Inside or Outside the Trafficway),0,No,48,Texas,2,Driver (in this crash) Not Registered Owner (Other Private Owner Listed),JS1VS55A8C21,JS1VS55A8C21,2012,2012,509,Suzuki,13085,VL800TL,98,Motorcycle - Street,53,Suzuki,706,80,Two Wheel Motorcycle (excluding motor scooters),0,Not Applicable,11,"Class 1: 6,000 lbs. or less (2,722 kg or less)",11,"Class 1: 6,000 lbs. or less (2,722 kg or less)",0,No Trailers,7.77778E+11,No Trailing Units,7.77778E+11,No Trailing Units,7.77778E+11,No Trailing Units,77,No Trailing Units,77,No Trailing Units,77,No Trailing Units,0,Not an Articulated Vehicle,0,Not Applicable,0,Not Applicable,0,Not Applicable,0,Not Applicable,0,Not Applicable (N/A),1,No,0,Not Applicable,0,Not Applicable,0,Not Applicable,0,Not Applicable,0,Not a Bus,0,No Special Use Noted,0,Not Applicable,998,Not Reported,7,Not Applicable,8,Not Applicable,8,Not Applicable,12,12 Clock Point,7,"Damage Reported, Extent Unknown",8,Not Reported,11,Live Animal,0,No or Not Reported,53706,Suzuki 750cc-over,J,S,1,V,S,5,5,A,8,C,2,1,1,0,No,1,Yes,13,Georgia,76679,76679,1,Full Driver License,6,Valid,0,No (CDL),0,No Endorsements required for this vehicle,3,Valid license for this class vehicle,0,No Restrictions or Not Applicable,999,Unknown,999,Unknown,0,,0,,0,,0,,0,,0,,0,,0,No Record,0,No Record,0,No Record,0,No Record,0,No,3,"Two-Way,  Divided, Positive  Median Barrier",2,Two lanes,70,70 MPH,1,Straight,1,Level,8,Not Reported,1,Dry,0,No Controls,0,No Controls,1,Going Straight,87,Animal in road,6,Steering left,1,Tracking,2,"Stayed on roadway, but left original travel lane",13,C13-Single Driver-Forward Impact-Pedestrian/ Animal
48,Texas,483712,2,2,12,December,17,17,21,9:00pm-9:59pm,50,50,25,Concrete Traffic Barrier,0,The First Harmful Event was Not a Collision with a Motor Vehicle in Transport,1,1,1,Motor Vehicle In-Transport (Inside or Outside the Trafficway),0,No,48,Texas,1,Driver (in this crash) was Registered Owner,JH2SC59088M0,JH2SC59088M0,2008,2008,474,Honda,11975,CBR1000,80,Motorcycle - Sport,37,Honda,706,80,Two Wheel Motorcycle (excluding motor scooters),0,Not Applicable,11,"Class 1: 6,000 lbs. or less (2,722 kg or less)",11,"Class 1: 6,000 lbs. or less (2,722 kg or less)",0,No Trailers,7.77778E+11,No Trailing Units,7.77778E+11,No Trailing Units,7.77778E+11,No Trailing Units,77,No Trailing Units,77,No Trailing Units,77,No Trailing Units,0,Not an Articulated Vehicle,0,Not Applicable,0,Not Applicable,0,Not Applicable,0,Not Applicable,0,Not Applicable (N/A),1,No,0,Not Applicable,0,Not Applicable,0,Not Applicable,0,Not Applicable,0,Not a Bus,0,No Special Use Noted,0,Not Applicable,998,Not Reported,7,Not Applicable,8,Not Applicable,8,Not Applicable,81,Right,7,"Damage Reported, Extent Unknown",6,Towed,25,Concrete Traffic Barrier,0,No or Not Reported,37706,Honda 750 cc or greater,J,H,2,S,C,5,9,0,8,8,M,0,1,0,No,1,Yes,48,Texas,77384,77384,1,Full Driver License,6,Valid,0,No (CDL),0,No Endorsements required for this vehicle,3,Valid license for this class vehicle,0,No Restrictions or Not Applicable,999,Unknown,999,Unknown,0,,0,,0,,0,,0,,0,,0,,0,No Record,0,No Record,0,No Record,0,No Record,0,No,6,Entrance/Exit Ramp,1,One lane,50,50 MPH,3,Curve Left,8,Not Reported,8,Not Reported,1,Dry,97,Not Reported,8,Not Reported,14,Negotiating a Curve,13,Off the edge of the road on the right side,99,Unknown/Not Reported,1,Tracking,4,Departed roadway,1,A1-Single Driver-Right Roadside Departure-Drive Off Road
48,Texas,483724,2,2,12,December,19,19,21,9:00pm-9:59pm,25,25,12,Motor Vehicle In-Transport,6,Angle,1,1,1,Motor Vehicle In-Transport (Inside or Outside the Trafficway),0,No,48,Texas,2,Driver (in this crash) Not Registered Owner (Other Private Owner Listed),1HD1KRM1XFB6,1HD1KRM1XFB6,2015,2015,3888,Harley-Davidson,8516,Street Glide Special,81,Motorcycle - Touring / Sport Touring,72,Harley-Davidson,706,80,Two Wheel Motorcycle (excluding motor scooters),0,Not Applicable,11,"Class 1: 6,000 lbs. or less (2,722 kg or less)",11,"Class 1: 6,000 lbs. or less (2,722 kg or less)",0,No Trailers,7.77778E+11,No Trailing Units,7.77778E+11,No Trailing Units,7.77778E+11,No Trailing Units,77,No Trailing Units,77,No Trailing Units,77,No Trailing Units,0,Not an Articulated Vehicle,0,Not Applicable,0,Not Applicable,0,Not Applicable,0,Not Applicable,0,Not Applicable (N/A),1,No,0,Not Applicable,0,Not Applicable,0,Not Applicable,0,Not Applicable,0,Not a Bus,0,No Special Use Noted,0,Not Applicable,998,Not Reported,7,Not Applicable,8,Not Applicable,8,Not Applicable,12,12 Clock Point,7,"Damage Reported, Extent Unknown",6,Towed,12,Motor Vehicle In-Transport,0,No or Not Reported,72706,Harley-Davidson 750cc or greater,1,H,D,1,K,R,M,1,X,F,B,6,1,0,No,1,Yes,48,Texas,78411,78411,0,Not Licensed,0,Not licensed,0,No (CDL),0,No Endorsements required for this vehicle,0,Not licensed,0,No Restrictions or Not Applicable,999,Unknown,999,Unknown,0,,0,,0,,0,,0,,0,,0,,0,No Record,0,No Record,0,No Record,0,No Record,5,"Yes, Specifics Unknown",2,"Two-Way, Divided, Unprotected Median",4,Four lanes,45,45 MPH,1,Straight,1,Level,8,Not Reported,1,Dry,0,No Controls,0,No Controls,1,Going Straight,17,Crossing Over (Passing Through) Junction,99,Unknown/Not Reported,1,Tracking,1,Stayed in original travel lane,69,"J69-Changing Trafficway, Vehicle Turning-Turn Across Path-Initial Opposite Directions (Going Straight)"
48,Texas,483727,1,2,12,December,20,20,17,5:00pm-5:59pm,29,29,12,Motor Vehicle In-Transport,6,Angle,1,1,1,Motor Vehicle In-Transport (Inside or Outside the Trafficway),0,No,48,Texas,2,Driver (in this crash) Not Registered Owner (Other Private Owner Listed),1HD1LF312DC4,1HD1LF312DC4,2013,2013,3888,Harley-Davidson,8489,Seventy-Two,94,Motorcycle - Custom,72,Harley-Davidson,706,80,Two Wheel Motorcycle (excluding motor scooters),0,Not Applicable,11,"Class 1: 6,000 lbs. or less (2,722 kg or less)",11,"Class 1: 6,000 lbs. or less (2,722 kg or less)",0,No Trailers,7.77778E+11,No Trailing Units,7.77778E+11,No Trailing Units,7.77778E+11,No Trailing Units,77,No Trailing Units,77,No Trailing Units,77,No Trailing Units,0,Not an Articulated Vehicle,0,Not Applicable,0,Not Applicable,0,Not Applicable,0,Not Applicable,0,Not Applicable (N/A),1,No,0,Not Applicable,0,Not Applicable,0,Not Applicable,0,Not Applicable,0,Not a Bus,0,No Special Use Noted,0,Not Applicable,998,Not Reported,7,Not Applicable,8,Not Applicable,8,Not Applicable,12,12 Clock Point,7,"Damage Reported, Extent Unknown",6,Towed,12,Motor Vehicle In-Transport,0,No or Not Reported,72706,Harley-Davidson 750cc or greater,1,H,D,1,L,F,3,1,2,D,C,4,1,0,No,1,Yes,48,Texas,75203,75203,1,Full Driver License,6,Valid,0,No (CDL),0,No Endorsements required for this vehicle,3,Valid license for this class vehicle,0,No Restrictions or Not Applicable,999,Unknown,999,Unknown,0,,0,,0,,0,,0,,0,,0,,0,No Record,0,No Record,0,No Record,0,No Record,3,"Yes, Exceeded Speed Limit",2,"Two-Way, Divided, Unprotected Median",4,Four lanes,40,40 MPH,1,Straight,1,Level,8,Not Reported,1,Dry,3,Traffic control signal(on colors) not known whether or not Pedestrian Signal,3,Device Functioning Properly,1,Going Straight,62,From opposite direction  over left lane line,99,Unknown/Not Reported,1,Tracking,1,Stayed in original travel lane,69,"J69-Changing Trafficway, Vehicle Turning-Turn Across Path-Initial Opposite Directions (Going Straight)"
48,Texas,483728,1,2,12,December,21,21,12,12:00pm-12:59pm,8,8,1,Rollover/Overturn,0,The First Harmful Event was Not a Collision with a Motor Vehicle in Transport,1,1,1,Motor Vehicle In-Transport (Inside or Outside the Trafficway),0,No,48,Texas,1,Driver (in this crash) was Registered Owner,JS1GN7FA0R71,JS1GN7FA0R71,2024,2024,509,Suzuki,13162,GSX-R600,80,Motorcycle - Sport,53,Suzuki,705,80,Two Wheel Motorcycle (excluding motor scooters),0,Not Applicable,11,"Class 1: 6,000 lbs. or less (2,722 kg or less)",11,"Class 1: 6,000 lbs. or less (2,722 kg or less)",0,No Trailers,7.77778E+11,No Trailing Units,7.77778E+11,No Trailing Units,7.77778E+11,No Trailing Units,77,No Trailing Units,77,No Trailing Units,77,No Trailing Units,0,Not an Articulated Vehicle,0,Not Applicable,0,Not Applicable,0,Not Applicable,0,Not Applicable,0,Not Applicable (N/A),1,No,0,Not Applicable,0,Not Applicable,0,Not Applicable,0,Not Applicable,0,Not a Bus,0,No Special Use Noted,0,Not Applicable,998,Not Reported,7,Not Applicable,8,Not Applicable,8,Not Applicable,0,Non-Collision,7,"Damage Reported, Extent Unknown",6,Towed,1,Rollover/Overturn,0,No or Not Reported,53705,Suzuki 450-749cc,J,S,1,G,N,7,F,A,0,R,7,1,1,0,No,1,Yes,48,Texas,76542,76542,1,Full Driver License,6,Valid,0,No (CDL),0,No Endorsements required for this vehicle,2,No valid license for this class vehicle,3,"Restrictions, Compliance Unknown",72,72,234,234 lbs.,0,,0,,0,,0,,0,,0,,0,,0,No Record,0,No Record,0,No Record,0,No Record,3,"Yes, Exceeded Speed Limit",5,"Two-Way, Not Divided With a Continuous Left-Turn Lane",5,Five lanes,55,55 MPH,1,Straight,1,Level,2,"Blacktop, Bituminous, or Asphalt",1,Dry,0,No Controls,0,No Controls,1,Going Straight,17,Crossing Over (Passing Through) Junction,98,Other actions (specify:),9,Precrash stability unknown,1,Stayed in original travel lane,98,M98-Other Crash Type
48,Texas,483731,2,2,12,December,22,22,17,5:00pm-5:59pm,0,0,12,Motor Vehicle In-Transport,6,Angle,1,1,1,Motor Vehicle In-Transport (Inside or Outside the Trafficway),0,No,48,Texas,1,Driver (in this crash) was Registered Owner,JS1GN7FA1H21,JS1GN7FA1H21,2017,2017,509,Suzuki,13162,GSX-R600,80,Motorcycle - Sport,53,Suzuki,705,80,Two Wheel Motorcycle (excluding motor scooters),0,Not Applicable,11,"Class 1: 6,000 lbs. or less (2,722 kg or less)",11,"Class 1: 6,000 lbs. or less (2,722 kg or less)",0,No Trailers,7.77778E+11,No Trailing Units,7.77778E+11,No Trailing Units,7.77778E+11,No Trailing Units,77,No Trailing Units,77,No Trailing Units,77,No Trailing Units,0,Not an Articulated Vehicle,0,Not Applicable,0,Not Applicable,0,Not Applicable,0,Not Applicable,0,Not Applicable (N/A),1,No,0,Not Applicable,0,Not Applicable,0,Not Applicable,0,Not Applicable,0,Not a Bus,0,No Special Use Noted,0,Not Applicable,998,Not Reported,7,Not Applicable,8,Not Applicable,8,Not Applicable,12,12 Clock Point,7,"Damage Reported, Extent Unknown",6,Towed,12,Motor Vehicle In-Transport,0,No or Not Reported,53705,Suzuki 450-749cc,J,S,1,G,N,7,F,A,1,H,2,1,1,0,No,1,Yes,48,Texas,75114,75114,1,Full Driver License,6,Valid,0,No (CDL),0,No Endorsements required for this vehicle,2,No valid license for this class vehicle,0,No Restrictions or Not Applicable,74,74,304,304 lbs.,0,,0,,0,,0,,0,,0,,0,,0,No Record,0,No Record,0,No Record,0,No Record,0,No,2,"Two-Way, Divided, Unprotected Median",3,Three lanes,45,45 MPH,3,Curve Left,1,Level,8,Not Reported,1,Dry,0,No Controls,0,No Controls,14,Negotiating a Curve,70,"From driveway, turning into same direction",99,Unknown/Not Reported,1,Tracking,1,Stayed in original travel lane,79,"K79-Changing Trafficway, Vehicle Turning-Turn Into Path-Turn Into Same Direction (Going Straight)"
48,Texas,483737,1,2,12,December,30,30,12,12:00pm-12:59pm,10,10,12,Motor Vehicle In-Transport,6,Angle,1,1,1,Motor Vehicle In-Transport (Inside or Outside the Trafficway),0,No,48,Texas,1,Driver (in this crash) was Registered Owner,MLHPC5654K52,MLHPC5654K52,2019,2019,474,Honda,15835,CMX500 (Rebel500),82,Motorcycle - Cruiser,37,Honda,705,80,Two Wheel Motorcycle (excluding motor scooters),0,Not Applicable,11,"Class 1: 6,000 lbs. or less (2,722 kg or less)",11,"Class 1: 6,000 lbs. or less (2,722 kg or less)",0,No Trailers,7.77778E+11,No Trailing Units,7.77778E+11,No Trailing Units,7.77778E+11,No Trailing Units,77,No Trailing Units,77,No Trailing Units,77,No Trailing Units,0,Not an Articulated Vehicle,0,Not Applicable,0,Not Applicable,0,Not Applicable,0,Not Applicable,0,Not Applicable (N/A),1,No,0,Not Applicable,0,Not Applicable,0,Not Applicable,0,Not Applicable,0,Not a Bus,0,No Special Use Noted,0,Not Applicable,998,Not Reported,7,Not Applicable,8,Not Applicable,8,Not Applicable,12,12 Clock Point,7,"Damage Reported, Extent Unknown",6,Towed,12,Motor Vehicle In-Transport,0,No or Not Reported,37705,Honda 450-749 cc,M,L,H,P,C,5,6,5,4,K,5,2,1,0,No,1,Yes,48,Texas,77083,77083,1,Full Driver License,3,Expired,0,No (CDL),0,No Endorsements required for this vehicle,2,No valid license for this class vehicle,3,"Restrictions, Compliance Unknown",999,Unknown,999,Unknown,1,1,0,,0,,0,,0,,1,1,0,,12,December,2020,2020,1,January,2021,2021,0,No,7,"Two-Way Divided, Unknown if Unprotected Median or Positive Median Barrier",3,Three lanes,40,40 MPH,1,Straight,8,Not Reported,8,Not Reported,1,Dry,3,Traffic control signal(on colors) not known whether or not Pedestrian Signal,3,Device Functioning Properly,1,Going Straight,17,Crossing Over (Passing Through) Junction,99,Unknown/Not Reported,1,Tracking,1,Stayed in original travel lane,83,"K83-Changing Trafficway, Vehicle Turning-Turn Into Path-Turn Into Opposite Directions (Going Straight)"
48,Texas,483738,1,1,12,December,30,30,10,10:00am-10:59am,36,36,93,Unknown Fixed Object,0,The First Harmful Event was Not a Collision with a Motor Vehicle in Transport,1,1,1,Motor Vehicle In-Transport (Inside or Outside the Trafficway),0,No,48,Texas,2,Driver (in this crash) Not Registered Owner (Other Private Owner Listed),JYARN66E6RA0,JYARN66E6RA0,2024,2024,564,Yamaha,3214,YZF-R1,80,Motorcycle - Sport,76,Yamaha,706,80,Two Wheel Motorcycle (excluding motor scooters),0,Not Applicable,11,"Class 1: 6,000 lbs. or less (2,722 kg or less)",11,"Class 1: 6,000 lbs. or less (2,722 kg or less)",0,No Trailers,7.77778E+11,No Trailing Units,7.77778E+11,No Trailing Units,7.77778E+11,No Trailing Units,77,No Trailing Units,77,No Trailing Units,77,No Trailing Units,0,Not an Articulated Vehicle,0,Not Applicable,0,Not Applicable,0,Not Applicable,0,Not Applicable,0,Not Applicable (N/A),1,No,0,Not Applicable,0,Not Applicable,0,Not Applicable,0,Not Applicable,0,Not a Bus,0,No Special Use Noted,0,Not Applicable,998,Not Reported,7,Not Applicable,8,Not Applicable,8,Not Applicable,12,12 Clock Point,7,"Damage Reported, Extent Unknown",6,Towed,93,Unknown Fixed Object,0,No or Not Reported,76706,Yamaha 750cc or greater,J,Y,A,R,N,6,6,E,6,R,A,0,1,0,No,1,Yes,48,Texas,78537,78537,1,Full Driver License,6,Valid,0,No (CDL),0,No Endorsements required for this vehicle,2,No valid license for this class vehicle,0,No Restrictions or Not Applicable,999,Unknown,999,Unknown,0,,0,,0,,0,,0,,0,,0,,0,No Record,0,No Record,0,No Record,0,No Record,4,"Yes, Too Fast for Conditions",1,"Two-Way, Not Divided",2,Two lanes,55,55 MPH,1,Straight,1,Level,2,"Blacktop, Bituminous, or Asphalt",1,Dry,0,No Controls,0,No Controls,1,Going Straight,62,From opposite direction  over left lane line,7,Steering right,1,Tracking,4,Departed roadway,3,"A3-Single Driver-Right Roadside Departure-Avoid Collision With Veh., Ped., Anim."
48,Texas,483739,1,2,12,December,31,31,16,4:00pm-4:59pm,51,51,12,Motor Vehicle In-Transport,6,Angle,1,1,1,Motor Vehicle In-Transport (Inside or Outside the Trafficway),0,No,48,Texas,1,Driver (in this crash) was Registered Owner,JKALE8C12NDA,JKALE8C12NDA,2022,2022,510,Kawasaki,14357,Versys-X 300,85,Motorcycle - Dual Sport / Adventure / Supermoto / On/Off-road,73,Kawasaki,703,80,Two Wheel Motorcycle (excluding motor scooters),0,Not Applicable,11,"Class 1: 6,000 lbs. or less (2,722 kg or less)",11,"Class 1: 6,000 lbs. or less (2,722 kg or less)",0,No Trailers,7.77778E+11,No Trailing Units,7.77778E+11,No Trailing Units,7.77778E+11,No Trailing Units,77,No Trailing Units,77,No Trailing Units,77,No Trailing Units,0,Not an Articulated Vehicle,0,Not Applicable,0,Not Applicable,0,Not Applicable,0,Not Applicable,0,Not Applicable (N/A),1,No,0,Not Applicable,0,Not Applicable,0,Not Applicable,0,Not Applicable,0,Not a Bus,0,No Special Use Noted,0,Not Applicable,998,Not Reported,7,Not Applicable,8,Not Applicable,8,Not Applicable,12,12 Clock Point,2,Minor Damage,6,Towed,12,Motor Vehicle In-Transport,0,No or Not Reported,73703,Kawasaki 125-349cc,J,K,A,L,E,8,C,1,2,N,D,A,1,0,No,1,Yes,48,Texas,76137,76137,1,Full Driver License,6,Valid,0,No (CDL),0,No Endorsements required for this vehicle,3,Valid license for this class vehicle,3,"Restrictions, Compliance Unknown",999,Unknown,999,Unknown,0,,0,,0,,0,,0,,0,,0,,0,No Record,0,No Record,0,No Record,0,No Record,4,"Yes, Too Fast for Conditions",2,"Two-Way, Divided, Unprotected Median",4,Four lanes,30,30 MPH,1,Straight,1,Level,8,Not Reported,1,Dry,2,Traffic control signal (on colors) with Pedestrian Signal,3,Device Functioning Properly,1,Going Straight,6,Traveling Too Fast for Conditions or Road Configuration,99,Unknown/Not Reported,1,Tracking,3,"Stayed on roadway, not known if left original travel lane",83,"K83-Changing Trafficway, Vehicle Turning-Turn Into Path-Turn Into Opposite Directions (Going Straight)"
48,Texas,483745,1,1,12,December,19,19,22,10:00pm-10:59pm,56,56,30,Utility Pole/Light Support,0,The First Harmful Event was Not a Collision with a Motor Vehicle in Transport,1,1,1,Motor Vehicle In-Transport (Inside or Outside the Trafficway),0,No,48,Texas,2,Driver (in this crash) Not Registered Owner (Other Private Owner Listed),JS1GX72A7C21,JS1GX72A7C21,2012,2012,509,Suzuki,13126,GSX1300RL/GSX1300RZL,80,Motorcycle - Sport,53,Suzuki,706,80,Two Wheel Motorcycle (excluding motor scooters),0,Not Applicable,11,"Class 1: 6,000 lbs. or less (2,722 kg or less)",11,"Class 1: 6,000 lbs. or less (2,722 kg or less)",0,No Trailers,7.77778E+11,No Trailing Units,7.77778E+11,No Trailing Units,7.77778E+11,No Trailing Units,77,No Trailing Units,77,No Trailing Units,77,No Trailing Units,0,Not an Articulated Vehicle,0,Not Applicable,0,Not Applicable,0,Not Applicable,0,Not Applicable,0,Not Applicable (N/A),1,No,0,Not Applicable,0,Not Applicable,0,Not Applicable,0,Not Applicable,0,Not a Bus,0,No Special Use Noted,0,Not Applicable,998,Not Reported,7,Not Applicable,8,Not Applicable,8,Not Applicable,12,12 Clock Point,7,"Damage Reported, Extent Unknown",6,Towed,30,Utility Pole/Light Support,0,No or Not Reported,53706,Suzuki 750cc-over,J,S,1,G,X,7,2,A,7,C,2,1,1,0,No,1,Yes,48,Texas,78542,78542,1,Full Driver License,6,Valid,0,No (CDL),0,No Endorsements required for this vehicle,3,Valid license for this class vehicle,0,No Restrictions or Not Applicable,999,Unknown,999,Unknown,0,,0,,0,,0,,0,,0,,0,,0,No Record,0,No Record,0,No Record,0,No Record,4,"Yes, Too Fast for Conditions",1,"Two-Way, Not Divided",2,Two lanes,30,30 MPH,1,Straight,1,Level,8,Not Reported,1,Dry,0,No Controls,0,No Controls,1,Going Straight,12,Off the edge of the road on the left side,99,Unknown/Not Reported,1,Tracking,4,Departed roadway,6,B6-Single Driver-Left Roadside Departure-Drive Off Road
48,Texas,483747,1,1,12,December,21,21,14,2:00pm-2:59pm,54,54,1,Rollover/Overturn,0,The First Harmful Event was Not a Collision with a Motor Vehicle in Transport,1,1,1,Motor Vehicle In-Transport (Inside or Outside the Trafficway),0,No,5,Arkansas,1,Driver (in this crash) was Registered Owner,1HD1KRM11GB6,1HD1KRM11GB6,2016,2016,3888,Harley-Davidson,12629,FLHXS / Street Glide Special,81,Motorcycle - Touring / Sport Touring,72,Harley-Davidson,706,80,Two Wheel Motorcycle (excluding motor scooters),0,Not Applicable,11,"Class 1: 6,000 lbs. or less (2,722 kg or less)",11,"Class 1: 6,000 lbs. or less (2,722 kg or less)",0,No Trailers,7.77778E+11,No Trailing Units,7.77778E+11,No Trailing Units,7.77778E+11,No Trailing Units,77,No Trailing Units,77,No Trailing Units,77,No Trailing Units,0,Not an Articulated Vehicle,0,Not Applicable,0,Not Applicable,0,Not Applicable,0,Not Applicable,0,Not Applicable (N/A),1,No,0,Not Applicable,0,Not Applicable,0,Not Applicable,0,Not Applicable,0,Not a Bus,0,No Special Use Noted,0,Not Applicable,998,Not Reported,7,Not Applicable,8,Not Applicable,8,Not Applicable,0,Non-Collision,7,"Damage Reported, Extent Unknown",6,Towed,1,Rollover/Overturn,0,No or Not Reported,72706,Harley-Davidson 750cc or greater,1,H,D,1,K,R,M,1,1,G,B,6,1,1,Yes,1,Yes,5,Arkansas,72079,72079,1,Full Driver License,6,Valid,0,No (CDL),0,No Endorsements required for this vehicle,3,Valid license for this class vehicle,0,No Restrictions or Not Applicable,72,72,190,190 lbs.,2,2,0,,0,,0,,0,,0,,0,,4,April,2022,2022,11,November,2023,2023,0,No,1,"Two-Way, Not Divided",2,Two lanes,65,65 MPH,1,Straight,1,Level,8,Not Reported,1,Dry,0,No Controls,0,No Controls,1,Going Straight,13,Off the edge of the road on the right side,99,Unknown/Not Reported,9,Precrash stability unknown,4,Departed roadway,1,A1-Single Driver-Right Roadside Departure-Drive Off Road